date,forecast,lower,upper
2015-01-02,3.1391396315031264,2.0023337193716926,4.264463213837826
2015-01-03,3.132432880905271,1.940130826542463,4.318832532083589
2015-01-04,3.1270434877537414,2.075168015546613,4.250301159009234
2015-01-05,3.1447134016315186,2.0442638762587717,4.249706630760384
2015-01-06,3.145250290749058,2.016004016151977,4.1847187487702335
2015-01-07,3.166577575055878,2.118701049271793,4.251101595775685
2015-01-08,3.159109275707083,2.072655251400761,4.213705374739812
2015-01-09,3.119569948219423,2.030324555010216,4.12699495471391
2015-01-10,3.1207892517113267,2.0504715413546655,4.180901031156913
2015-01-11,3.122782326155582,2.012558481937704,4.196975921527853
2015-01-12,3.1470499783178862,2.02022499597548,4.2402103541264475
2015-01-13,3.153539932561114,2.017191545709612,4.226278206089624
2015-01-14,3.17984781023769,2.087445836536089,4.278808331867495
2015-01-15,3.1766018820872994,2.0776712403709356,4.303425004960694
2015-01-16,3.1404710754588003,2.0919587128913673,4.245556664374413
2015-01-17,3.143778458109197,2.037902572283883,4.264532824918554
2015-01-18,3.146736137510175,1.956552078036963,4.260073586653726
2015-01-19,3.1706837860565753,1.9939550108461737,4.190376933908915
2015-01-20,3.1758028300881933,2.036420700807099,4.355843309921833
2015-01-21,3.199466904017617,2.0799287278134155,4.258660988867761
2015-01-22,3.192634610540416,2.1512789027413053,4.2712869098748225
2015-01-23,3.152043328092229,2.1132034295203104,4.233612993877187
2015-01-24,3.1496390146003246,2.055844562944227,4.257552428481438
2015-01-25,3.145962782773127,2.063314197177143,4.177968284539585
2015-01-26,3.1623247456283217,2.058020903668791,4.334657822282493
2015-01-27,3.1592680373755333,2.1851917191494423,4.292290237380656
2015-01-28,3.1740656382345342,2.0328893780745325,4.329059402858897
2015-01-29,3.1581181319202543,2.0839221968693673,4.2198350262246525
2015-01-30,3.1083304861179157,2.002534815666967,4.220002852636145
2015-01-31,3.0963556179167813,2.0079376528831694,4.181164378408903
2015-02-01,3.083130434485024,1.952936935665387,4.215119310722848
2015-02-02,3.089983205314817,2.023527887273603,4.216209401319689
2015-02-03,3.0778460960533467,1.9043280388760242,4.175443623367376
2015-02-04,3.0838975639823216,1.9479063102012806,4.261502400924905
2015-02-05,3.059964860847737,1.973109882183688,4.198874611693676
2015-02-06,3.0030840957617198,1.8720301968066473,4.1108983607021825
2015-02-07,2.984558429791635,1.9424739671981857,4.071930259448501
2015-02-08,2.9656449877646582,1.9954178223635175,3.9872407969150805
2015-02-09,2.967597665421097,1.889027995025742,4.069582908498614
2015-02-10,2.9516305359602675,1.818959546625807,4.108190699931712
2015-02-11,2.95470856306167,1.8291400958493735,4.104427882234183
2015-02-12,2.92895790687375,1.8729167575793149,3.9943818687232384
2015-02-13,2.871412552432908,1.7890551204062144,4.093824520934362
2015-02-14,2.8528905491763594,1.7926980982180067,3.933773498019282
2015-02-15,2.834835245547266,1.8046035607912536,3.9937614103631645
2015-02-16,2.8382969205583093,1.7535532413301318,3.985187652953015
2015-02-17,2.8246502939801754,1.7459600669893727,3.938887290335623
2015-02-18,2.8305365373966493,1.7475691047929711,3.9404975734599614
2015-02-19,2.808284028880334,1.687500028858522,3.9336535012069973
2015-02-20,2.7548437828275385,1.6045918309089444,3.857364971928605
2015-02-21,2.7404854981482365,1.6200045934036014,3.8658496692473965
2015-02-22,2.7267943587677896,1.6234209411714924,3.8134022422411187
2015-02-23,2.734592179044863,1.6648435385020421,3.864478592955054
2015-02-24,2.725409136879663,1.6444614875669485,3.8398630183932925
2015-02-25,2.7355766324089488,1.674878080541216,3.8643998259258843
2015-02-26,2.7176574887752465,1.65390168436565,3.8494393067111035
2015-02-27,2.6685686625234473,1.572435820053507,3.827264412719659
2015-02-28,2.6580951106990325,1.492628095859316,3.7277599648080604
2015-03-01,2.6480397618536835,1.4832137219136994,3.752333607496313
2015-03-02,2.6590814495745385,1.5326216049631647,3.7998279634924175
2015-03-03,2.6529978974106534,1.5639031533679024,3.790314292562182
2015-03-04,2.665906300858062,1.6281834867813423,3.8098184735239107
2015-03-05,2.6506997930523393,1.5715473157260882,3.7412801831990627
2015-03-06,2.604354295539835,1.5140545264960126,3.71172610214789
2015-03-07,2.5962572012851104,1.528002395114899,3.6890674733326145
2015-03-08,2.588507742036653,1.435757132210219,3.709849326615343
2015-03-09,2.6017092490158555,1.5658927337136952,3.694751899495135
2015-03-10,2.597941316340834,1.5615194143878766,3.766408038019098
2015-03-11,2.6131464828757758,1.4400344413163932,3.791896145649418
2015-03-12,2.6005718375117586,1.4042491585197685,3.6643054916641824
2015-03-13,2.557259415727589,1.4694958845056785,3.683992524034993
2015-03-14,2.552189650801289,1.4979662655283097,3.7014226551510276
2015-03-15,2.5477326358199894,1.4623654763062068,3.7111848743205287
2015-03-16,2.564375737936353,1.4030533717796208,3.6426325615855277
2015-03-17,2.564446460523656,1.4593604315507285,3.725535618527576
2015-03-18,2.5836471892898785,1.5164404161380047,3.616348037861592
2015-03-19,2.5755042822209124,1.3405956867928852,3.738474280404728
2015-03-20,2.5370446623140506,1.4437905090292495,3.5714980211165583
2015-03-21,2.536756907770761,1.4220266937787462,3.7151052629922745
2015-03-22,2.5371964079877567,1.4040580855707898,3.6943591249918244
2015-03-23,2.5586513633491115,1.4787377992251272,3.7101917641022233
2015-03-24,2.563619313670884,1.4424734977482172,3.653218814148492
2015-03-25,2.5874927565665184,1.5473214525936276,3.6756137483314193
2015-03-26,2.584018280153495,1.5704582801827154,3.7219520028109674
2015-03-27,2.550161577496367,1.430788760236312,3.672136953629427
2015-03-28,2.553887996313061,1.4976073556503986,3.6566894314968965
2015-03-29,2.5579229445165046,1.4187418556906208,3.685573664316219
2015-03-30,2.5823571205800078,1.4551495058266195,3.702541582764141
2015-03-31,2.5898770130325057,1.5412763747251157,3.6339071334664435
2015-04-01,2.615601142617104,1.5289818373442376,3.630979871396561
2015-04-02,2.6135484403759524,1.4865145949503191,3.7497483096742834
2015-04-03,2.5806903589611023,1.47267312046845,3.602119350013004
2015-04-04,2.5845490675705207,1.4712308758382888,3.687843903922672
2015-04-05,2.5881108567755367,1.5372891815858563,3.692923792676941
2015-04-06,2.611367980505774,1.5311988600912638,3.724113022692286
2015-04-07,2.617300218056896,1.534482334276376,3.748127391436004
2015-04-08,2.640858630431211,1.5085680388949745,3.706587943823749
2015-04-09,2.63643996834419,1.5231078063593273,3.6906276989521984
2015-04-10,2.6011226581248907,1.51943900053564,3.785519309484927
2015-04-11,2.602079512571159,1.445747527456427,3.6278672941588956
2015-04-12,2.60264119619356,1.5649003414981915,3.7141949286061933
2015-04-13,2.6227720225417883,1.5129135772838154,3.6720906673189972
2015-04-14,2.625800288998541,1.486769347927034,3.653430304254559
2015-04-15,2.6465476972779713,1.5440857772653511,3.7035531297670037
2015-04-16,2.6398084410711324,1.5561279196862365,3.764447207567951
2015-04-17,2.6027682610190017,1.5463822955172981,3.7561702447802405
2015-04-18,2.602231439285305,1.458836908854696,3.73476673569709
2015-04-19,2.6018346774517136,1.4510872604217797,3.6560378992182607
2015-04-20,2.6214577791281104,1.4998804761665145,3.733651043176391
2015-04-21,2.624704240714853,1.5705931314440913,3.6252906661108395
2015-04-22,2.6461783309467797,1.5706727678302443,3.6752552834980845
2015-04-23,2.6409713073554926,1.594286458065104,3.7446241794902715
2015-04-24,2.606266372165638,1.5576596464162502,3.7351643697911485
2015-04-25,2.6083830814153677,1.5441715972322954,3.7562657150358327
2015-04-26,2.611144972050638,1.5180321487236779,3.6853621144016837
2015-04-27,2.634228572048445,1.5558482387188317,3.784842801366537
2015-04-28,2.641397691295477,1.6249270541518328,3.7920621745260688
2015-04-29,2.6669315018939135,1.5744005577216822,3.788649785305315
2015-04-30,2.6661210209925805,1.5267689414037389,3.7047349756468573
2015-05-01,2.636062804994016,1.4681314048590484,3.651703997257776
2015-05-02,2.6425232231619504,1.5227023869597014,3.7819182308430097
2015-05-03,2.649461820531065,1.534736719378129,3.727846188212985
2015-05-04,2.6763201167834483,1.4711231040388038,3.8046272997288426
2015-05-05,2.687010486818749,1.6103917745596108,3.7350582760215847
2015-05-06,2.715495530732362,1.5499114606112205,3.882314557084289
2015-05-07,2.7172945005152265,1.5995319906983416,3.772329594472202
2015-05-08,2.6894648066147266,1.5690234526646696,3.768458323529131
2015-05-09,2.697284653107387,1.5953890426990445,3.815021637476602
2015-05-10,2.7049301008870494,1.6793022631735994,3.7856236431486985
2015-05-11,2.731701148068764,1.644560137260869,3.891301450653541
2015-05-12,2.741762297084508,1.6526291977381835,3.7661261851357097
2015-05-13,2.7688700035577023,1.5948468901047617,3.976962370033841
2015-05-14,2.768885626765572,1.7116275415911606,3.9287573771713697
2015-05-15,2.7389412243920983,1.6170867995001506,3.852098325141934
2015-05-16,2.743937030567237,1.5577523212203697,3.8457172275471625
2015-05-17,2.7483688135071733,1.6308586702607417,3.7780821423930417
2015-05-18,2.7714880555086467,1.5842530614465846,3.8115980176390045
2015-05-19,2.7777913446768507,1.6033680782044388,3.899264089875307
2015-05-20,2.800893454333202,1.7442807898929196,3.9263499641674215
2015-05-21,2.7970448607740286,1.6548307177983212,3.945888104556714
2015-05-22,2.763480426254116,1.6683567842291684,3.8634830759941687
2015-05-23,2.764730922932285,1.654036485298387,3.8475364382732975
2015-05-24,2.7656005241895585,1.6037421507501106,3.840072390291637
2015-05-25,2.7852615612407035,1.5473233673030766,3.7951300911076338
2015-05-26,2.788493852128762,1.8185349332515595,3.877775628225838
2015-05-27,2.8087051259546345,1.6559027436582268,3.8911320764387374
2015-05-28,2.8024553753213843,1.7334693026142602,3.8963612890990507
2015-05-29,2.766991181525131,1.597194986187537,3.8337164786285687
2015-05-30,2.766374442497269,1.5804923698122697,3.8027237206612643
2015-05-31,2.7656134618391737,1.6088383885070143,3.846205187562164
2015-06-01,2.7836959495117846,1.6605148042746731,3.899566401208328
2015-06-02,2.7855820402933698,1.6780280889260422,3.8624485568632854
2015-06-03,2.804375783496411,1.6727545524134793,3.7775533554973073
2015-06-04,2.7968598998177576,1.672926011010339,3.824682998125066
2015-06-05,2.7602190516212075,1.6872441486678487,3.889630343284261
2015-06-06,2.757988701702771,1.6420024706527154,3.868267626163385
2015-06-07,2.7553422516510273,1.5643679839366949,3.843873291735793
2015-06-08,2.7710641770663624,1.6651441077069218,3.8714723903416237
2015-06-09,2.7702979948225015,1.7031792602516898,3.911595944417624
2015-06-10,2.785869394872829,1.6875978236625881,3.8130779287953653
2015-06-11,2.7748312638677852,1.749260420182887,3.864299433774036
2015-06-12,2.7343750385089063,1.65331141144665,3.8366744386419422
2015-06-13,2.72759812054667,1.604226695053722,3.7952976302114014
2015-06-14,2.7199448110340914,1.5708155848701761,3.832484981185486
2015-06-15,2.7301167027380098,1.7084510659084904,3.9571899955297685
2015-06-16,2.723572169776876,1.6318979988332152,3.794499131247707
2015-06-17,2.7329972587395557,1.6281529345106511,3.8887565523838377
2015-06-18,2.7158567481195695,1.6404645442330197,3.850532154349116
2015-06-19,2.6694891262320377,1.57410776930164,3.7527185071867426
2015-06-20,2.656688006050759,1.638505742600055,3.73652326455315
2015-06-21,2.643292336099472,1.6066263058970502,3.7669862900579405
2015-06-22,2.648029704416668,1.61018840478426,3.728240115716312
2015-06-23,2.6367633124790144,1.4996493314482084,3.7250138049700707
2015-06-24,2.642107022513907,1.4849989458922583,3.7195382481795884
2015-06-25,2.621979401681187,1.4891712042644254,3.6577385229603467
2015-06-26,2.5738799286978042,1.5117288268871893,3.713754944283563
2015-06-27,2.5602827539012445,1.4618914589678578,3.6635849487780776
2015-06-28,2.547375339552205,1.4872797389125851,3.6564200230366066
2015-06-29,2.553834679544586,1.4510815374623423,3.6727502539801526
2015-06-30,2.5458226335497494,1.3435007325665345,3.636482510792961
2015-07-01,2.5557468738735336,1.4588960431171112,3.67068401483955
2015-07-02,2.54182049593152,1.448795009063121,3.6390908699774487
2015-07-03,2.501522819676279,1.3423846037604565,3.6049637457563444
2015-07-04,2.4968095686359524,1.3706548980468796,3.6914580959250247
2015-07-05,2.494004622737628,1.4065994171786291,3.62145526983372
2015-07-06,2.511514329027512,1.417645081130488,3.64027467556104
2015-07-07,2.5155767303920586,1.391973977748869,3.6731976204183976
2015-07-08,2.5381741600179493,1.4622923971459794,3.5757764071071763
2015-07-09,2.5376042261366227,1.3223191427158107,3.5925441259491717
2015-07-10,2.511130918172649,1.430815285406921,3.6607390071427055
2015-07-11,2.5200166588244053,1.4267750559707717,3.6229859212438154
2015-07-12,2.530572214420386,1.4088164812918922,3.5960091841696493
2015-07-13,2.5608135883269125,1.4561531762123063,3.636188510483421
2015-07-14,2.576968951351815,1.3930314218235282,3.658506372122779
2015-07-15,2.61054589194503,1.5901398753364817,3.7603920474704253
2015-07-16,2.619915890191232,1.5818393699598834,3.757896821791625
2015-07-17,2.6021568793467806,1.4617619338766235,3.743246476206438
2015-07-18,2.6179073114184037,1.4329965754601401,3.7075198231690845
2015-07-19,2.6335733361816303,1.6525656081855198,3.679550115510215
2015-07-20,2.6669263675552553,1.620714593311994,3.8565145490603063
2015-07-21,2.6843648212217572,1.5949718556601284,3.745487905545926
2015-07-22,2.7171322043792983,1.6441546186079687,3.8381238705235416
2015-07-23,2.723910429532958,1.6643886280819817,3.7118033752259807
2015-07-24,2.7018484604300435,1.652138707415507,3.853833675495816
2015-07-25,2.711232430743982,1.6632309541027286,3.74851840532954
2015-07-26,2.7188436910947424,1.510206763657141,3.783426199646056
2015-07-27,2.742490369674442,1.6714722480605264,3.7942935122436654
2015-07-28,2.749017131314231,1.616215926255162,3.8888176651757766
2015-07-29,2.7696673891766053,1.6726695644629477,3.845107683942319
2015-07-30,2.7636789836260096,1.6738847226760405,3.814044454962064
2015-07-31,2.7284928502533967,1.6166914092327018,3.8270395696618036
2015-08-01,2.724233701479822,1.6213846549351243,3.7940435446610605
2015-08-02,2.7182141690660773,1.5809209818256718,3.8624095455609315
2015-08-03,2.728396431538848,1.6299059308776855,3.857546374999876
2015-08-04,2.722147018045859,1.6591466379488276,3.8546193303261096
2015-08-05,2.7307411972512106,1.6054827862093544,3.808688604213534
2015-08-06,2.713960162717828,1.5394710238673033,3.6859942446288927
2015-08-07,2.669479976452478,1.6177018433186008,3.7114715296231653
2015-08-08,2.6571641754763475,1.619622243952078,3.793422286265065
2015-08-09,2.6447164478969207,1.502932162541162,3.7509905080099384
2015-08-10,2.6500757802585695,1.5743855336328503,3.8005602813162285
2015-08-11,2.6409206865480783,1.5472831388181394,3.73849393458272
2015-08-12,2.6483209695725036,1.5228474198507116,3.803222126531871
2015-08-13,2.632342289182343,1.5127956959683646,3.764423554853198
2015-08-14,2.5906217868700434,1.4922201324035,3.6809917968058126
2015-08-15,2.582479386267578,1.4435532027671438,3.70523868076315
2015-08-16,2.57572595990181,1.4738112860240835,3.608251367994551
2015-08-17,2.5879989616775063,1.4484856161474626,3.6511165264568692
2015-08-18,2.587022874276821,1.5457653390105595,3.7171308611862304
2015-08-19,2.6034147890824686,1.4211088545588544,3.715077073422802
2015-08-20,2.597302290434126,1.459070402219552,3.7591046615138923
2015-08-21,2.5660910298533386,1.3830945836261543,3.7265970712886034
2015-08-22,2.568399190665199,1.4421400705619158,3.605366530947522
2015-08-23,2.5720247050298477,1.3716491322565665,3.7130020642912918
2015-08-24,2.594223932805272,1.45902506870683,3.693218466721128
2015-08-25,2.6027298292798933,1.556217366707889,3.748347121884161
2015-08-26,2.6277117536343946,1.5464821053588678,3.597748608077074
2015-08-27,2.6294059837527537,1.484541774116022,3.6833038282240604
2015-08-28,2.605073484701488,1.4928157698565483,3.6465088527453977
2015-08-29,2.6127547660819657,1.4617333309882123,3.7637854614538915
2015-08-30,2.620392442534146,1.4244155468774629,3.735701925768879
2015-08-31,2.64504842182187,1.5587774359538493,3.6715263378883773
2015-09-01,2.6546745519424104,1.595016089642583,3.7240885608489918
2015-09-02,2.679220857919615,1.4551299810224512,3.736341512192053
2015-09-03,2.6792724862467336,1.6372050351844787,3.7639968532202306
2015-09-04,2.652191234160417,1.5874006290310045,3.753847078181663
2015-09-05,2.655684306944324,1.533937542571713,3.756726078555362
2015-09-06,2.658075843353736,1.5536086963458433,3.7603257585578707
2015-09-07,2.676456517772441,1.6580518065972452,3.8025225808976133
2015-09-08,2.6792010152002637,1.5246745267276596,3.7084377177526058
2015-09-09,2.6962196355607393,1.652872753959343,3.821869444711975
2015-09-10,2.6885973275600334,1.5060214052013565,3.8366085153668714
2015-09-11,2.653915468520566,1.5969875230263864,3.7370966307877005
2015-09-12,2.649631927407082,1.488962440925744,3.729438758022402
2015-09-13,2.6444999374228857,1.4942814491859944,3.7977656654426766
2015-09-14,2.655649504446836,1.565057488781261,3.7591903402096856
2015-09-15,2.6518521178157592,1.548918978509847,3.768438556349988
2015-09-16,2.6629171238528273,1.5221366321347132,3.7996264306461094
2015-09-17,2.6503351958505315,1.6121137068830946,3.7296526905712977
2015-09-18,2.6117835820598847,1.4980398181368568,3.674049196515801
2015-09-19,2.604321465693959,1.4281832017518536,3.6550652034471045
2015-09-20,2.5969608321224014,1.5442618293805344,3.6471407153994444
2015-09-21,2.606684852798479,1.4239254454224963,3.6974056195337903
2015-09-22,2.602465375371824,1.4745472202417524,3.65336944147816
2015-09-23,2.6138098279066173,1.566079570545536,3.73107463323624
2015-09-24,2.6024149434348622,1.4466161856684754,3.786454341628835
2015-09-25,2.565861190446393,1.3963965660085251,3.6368679500264545
2015-09-26,2.5606288833504887,1.361491863703508,3.7895797188197125
2015-09-27,2.5558260887993165,1.4453792342185774,3.551485026919926
2015-09-28,2.568148484503707,1.4673543852652666,3.646870391744753
2015-09-29,2.5666534646301384,1.467838659430573,3.619439336020646
2015-09-30,2.580460646013612,1.3943597482399468,3.660409066769414
2015-10-01,2.5714180762815784,1.469480516134863,3.674806828256413
2015-10-02,2.536987179179375,1.4057593872030134,3.5781725320260804
2015-10-03,2.5330800219808536,1.3763852622897186,3.768569014682991
2015-10-04,2.528943737899324,1.325621166433439,3.63592490797329
2015-10-05,2.5410604306535984,1.5215441942243144,3.688632724332238
2015-10-06,2.5386756044742986,1.3857520129293197,3.7103012416148395
2015-10-07,2.550649192635658,1.4150986485596104,3.6766220634525606
2015-10-08,2.5391304705177276,1.4879286637952442,3.682544047865944
2015-10-09,2.501629148150416,1.3320740865906469,3.66546478399386
2015-10-10,2.493668962751076,1.4311648215217039,3.5877011012845834
2015-10-11,2.4848234578061223,1.3461093642164645,3.5254856399042467
2015-10-12,2.491550590046981,1.4154184550963398,3.5191470649684358
2015-10-13,2.48347010584701,1.3862333605617432,3.575726545597021
2015-10-14,2.489359825415392,1.3676974357766725,3.578918048030869
2015-10-15,2.4718342493938206,1.3240633719692347,3.6624452405934007
2015-10-16,2.428597177165752,1.3445491109037846,3.5758705963803203
2015-10-17,2.4149075159133484,1.3000998479004646,3.5658474056285576
2015-10-18,2.400762928320628,1.2170109314376931,3.455721698071094
2015-10-19,2.4026663642415302,1.2422220236304518,3.4931621165245392
2015-10-20,2.3906503856420467,1.2776518887797594,3.5279020182133785
2015-10-21,2.393417536138492,1.27832851686993,3.527035539624738
2015-10-22,2.3740223230387953,1.2625082722777654,3.469368885536098
2015-10-23,2.330305896907522,1.307466187141794,3.4237563452347923
2015-10-24,2.3171754444419412,1.252435303961499,3.4545261051541836
2015-10-25,2.3049378599171804,1.1395342850776597,3.4095655384946224
2015-10-26,2.3100010797282873,1.1814982535490464,3.4028011093437387
2015-10-27,2.3026488736600603,1.2055715666859317,3.445517949198784
2015-10-28,2.3113293574900555,1.2309171395388947,3.401635414075539
2015-10-29,2.299344835226328,1.1215018761072644,3.4450713382857274
2015-10-30,2.264473328811514,1.1522316507471988,3.3516873334828645
2015-10-31,2.2610665184492587,1.2221092464229437,3.4508533254200833
2015-11-01,2.2595384439155777,1.145746418282425,3.3848692315686937
2015-11-02,2.2760065591264276,1.0908923221663713,3.426189696938871
2015-11-03,2.280821690807393,1.2782851389299041,3.32225538813552
2015-11-04,2.3020090598093668,1.1268767594185491,3.42038590978735
2015-11-05,2.3029699053095167,1.1195602973659602,3.4065613486177537
2015-11-06,2.281293247757666,1.2238456895772538,3.2803504378557613
2015-11-07,2.2906751423328084,1.1758258275502442,3.4367999420410995
2015-11-08,2.301564497506855,1.1362788334303078,3.4649408091919045
2015-11-09,2.3297452171051414,1.2323605380444413,3.409291301188884
2015-11-10,2.345621952303717,1.3013452419215745,3.416925917175824
2015-11-11,2.376813514656314,1.246748297281749,3.450384684521908
2015-11-12,2.386865440806143,1.2800882816935453,3.4877947030329466
2015-11-13,2.373250460205573,1.3246795556451494,3.4394405830569057
2015-11-14,2.3891069011927906,1.2761610444938667,3.5466499003328655
2015-11-15,2.4050389048914385,1.2768404142642575,3.4475739052123657
2015-11-16,2.436636455436628,1.3261916122375637,3.539948641647301
2015-11-17,2.454513343315248,1.4120824035731323,3.515146562560682
2015-11-18,2.4860491081000244,1.3913052398245558,3.530422210538065
2015-11-19,2.495108509140518,1.458204351907433,3.5718765554633998
2015-11-20,2.479226600246332,1.3589118955866681,3.566900618485325
2015-11-21,2.4911622352148313,1.3996883796384518,3.5374252002161883
2015-11-22,2.5018487721463893,1.4150839126765087,3.6072439666885936
2015-11-23,2.5268483316763524,1.4947219771966413,3.6835278015175716
2015-11-24,2.537138643148107,1.4404494168941917,3.5356904648993646
2015-11-25,2.5600005952720717,1.4155889624482076,3.7200847690002803
2015-11-26,2.559742159210109,1.479959847103844,3.6286739463756645
2015-11-27,2.5340661313314268,1.5146509513415765,3.698957219109628
2015-11-28,2.5354373446234164,1.4398089022860816,3.582539699743755
2015-11-29,2.535183029523689,1.5409307999675483,3.5571625292665594
2015-11-30,2.5488810240604036,1.458107359093905,3.686615271301684
2015-12-01,2.5478957670284763,1.431226909887692,3.5993879102267066
2015-12-02,2.559412228793803,1.3995719232283503,3.6299071978591004
2015-12-03,2.5481655215469416,1.4480184567783823,3.6079045514311083
2015-12-04,2.5119929504355625,1.4492614071158572,3.635649727151149
2015-12-05,2.5030169101912185,1.3919328722963273,3.719488974264611
2015-12-06,2.492897147145787,1.43873824695884,3.5823542980785166
2015-12-07,2.4971553528340142,1.4226628993781396,3.6109250912386197
2015-12-08,2.487462841924215,1.41561270494068,3.613494109421762
2015-12-09,2.49082342671365,1.338343986545422,3.5262312569425345
2015-12-10,2.4723112262095315,1.4137509190391784,3.532090025136397
2015-12-11,2.4298094127545897,1.3774520872519918,3.585121373783985
2015-12-12,2.41501099089275,1.215580691427588,3.5806876469198357
2015-12-13,2.399824910860888,1.2605687073761223,3.5373368465584636
2015-12-14,2.3996387029759196,1.2740077440838018,3.5075244897412245
2015-12-15,2.3863591699525055,1.293321808806266,3.5417565147376484
2015-12-16,2.3867451845654495,1.3326964778691652,3.5188512438385438
2015-12-17,2.3661543169866603,1.354476055611617,3.525148282375696
2015-12-18,2.3224685388915325,1.1968293526831677,3.471858489366809
2015-12-19,2.3069128037324473,1.1564876164643418,3.39355315112107
2015-12-20,2.291614613851452,1.2978383443813608,3.407337195354313
2015-12-21,2.2918040165352354,1.148500980615399,3.400116626860352
2015-12-22,2.2796063945990688,1.1199991088658925,3.3233486705064825
2015-12-23,2.2815240850967164,1.141789879837113,3.444452238669612
2015-12-24,2.2631905926478817,1.1585703061358972,3.353614102040622
2015-12-25,2.22248194726396,1.1445096705225775,3.2667429573056683
2015-12-26,2.210151770148864,1.0968782053476445,3.3014826831507156
2015-12-27,2.198543024444148,1.0145485375880554,3.2525875024308433
2015-12-28,2.2027242035297685,1.090099004811286,3.269516457120243
2015-12-29,2.1950332004937962,1.0767644877919038,3.320470759186708
2015-12-30,2.2017069211964455,1.1041357290335034,3.2798826225264937
2015-12-31,2.188642483996365,1.10346255018813,3.289949416209871
2016-01-01,2.153693883907398,1.0140552122336597,3.242561768599031
2016-01-02,2.1471234637449412,1.004002962258337,3.263505571713959
2016-01-03,2.14146604003167,1.0577610273516929,3.205351824157325
2016-01-04,2.1516017407115147,1.1351158558495942,3.221899109624172
2016-01-05,2.1500516599676263,1.0666291616004306,3.321230231122633
2016-01-06,2.162756395420902,1.0089258658528868,3.2739166085280984
2016-01-07,2.1558453527014843,1.055088266897301,3.2986210993540683
2016-01-08,2.127119980966495,1.020057377358751,3.265921448536235
2016-01-09,2.1263230129885624,1.0262889262536254,3.2525300284375582
2016-01-10,2.126156376111048,1.0166259877708528,3.1917371102229057
2016-01-11,2.141292080847633,1.0663004214948462,3.307510064478512
2016-01-12,2.1444209988616123,1.0023537553765247,3.214212170201503
2016-01-13,2.161181544584734,1.1184805315041086,3.320263783401412
2016-01-14,2.1579381367694777,0.9740436811715334,3.327035145483207
2016-01-15,2.1324518437301476,1.0512926347447096,3.223956270487906
2016-01-16,2.1339679779368335,1.0655094992590295,3.296946756751478
2016-01-17,2.135388093728677,1.0146860365724941,3.2235109978692202
2016-01-18,2.151218922689292,1.1210875000825995,3.2233019626125006
2016-01-19,2.1543739528084394,1.0339650612767328,3.279226506843474
2016-01-20,2.1702516130317364,1.0309700835067712,3.255470839653571
2016-01-21,2.1655219397249796,1.042624997625376,3.2814314966173246
2016-01-22,2.137983388314627,1.0724166099119277,3.23134067679223
2016-01-23,2.136467276996697,1.0104252096053075,3.2407791266488104
2016-01-24,2.134162141973365,0.9875220260785098,3.2640201603203858
2016-01-25,2.1454988126370997,1.0447759505113876,3.2867030518856475
2016-01-26,2.143702759824571,0.9548360580600843,3.142410685633158
2016-01-27,2.1540196835802,1.0410957456351528,3.2552107696796644
2016-01-28,2.1435082778014083,0.982035043881393,3.2175849844159776
2016-01-29,2.110081156371483,1.008864689915825,3.2331115001730004
2016-01-30,2.102224210043135,1.0229134775216664,3.1388891243560195
2016-01-31,2.0934715577454392,1.034275763421905,3.277336653744327
2016-02-01,2.098225228665158,0.9660872588676397,3.141354206123337
2016-02-02,2.090057023091372,1.0050362590482327,3.1782384324882655
2016-02-03,2.094080563457825,0.884759893831576,3.1124657470019828
2016-02-04,2.0777495649351487,0.9686671108069465,3.192668299805554
2016-02-05,2.039082652622271,0.9204719017832713,3.147819542485376
2016-02-06,2.0261977873065824,0.9543268472185805,3.185895131275161
2016-02-07,2.0183013578406883,0.9978057731660238,3.284426477667741
2016-02-08,2.0243722768655523,0.7932125512183705,3.135458932618936
2016-02-09,2.0181701050604466,0.8725326529279823,3.171670415782707
2016-02-10,2.024773709078765,0.932337493488075,3.1450390563664294
2016-02-11,2.0116233746720136,0.9421470523959197,3.1109570019900494
2016-02-12,1.9765685985396444,0.8626185906245383,3.0327697339746313
2016-02-13,1.9679909905068556,0.9451825699292336,3.0574691508861833
2016-02-14,1.9596061318432576,0.8379996205625632,3.2265438678754355
2016-02-15,1.9659139234267908,0.8712246673283006,3.0167144698455792
2016-02-16,1.9603870280206683,0.843841972261356,3.102304651499471
2016-02-17,1.9682865622998489,0.8932124471519447,3.1226454640160504
2016-02-18,1.9566912893923978,0.8710445397674001,3.028815269298105
2016-02-19,1.923367082121364,0.8149154176738559,3.004487409741071
2016-02-20,1.917076232484877,0.8291491539598383,2.988305285749694
2016-02-21,1.9112206562752099,0.8848986198953154,3.026473218635014
2016-02-22,1.9203648970839635,0.8415095617302306,3.0983639778979146
2016-02-23,1.9176695978834122,0.803064290850675,2.990112414351872
2016-02-24,1.9285663262670132,0.8483047556785832,2.9780451430835266
2016-02-25,1.9197738346610111,0.859904430272005,3.0181668256525795
2016-02-26,1.888988793168132,0.7845864586594132,2.981099992509332
2016-02-27,1.8853807277910313,0.7762761932267893,2.980850436616768
2016-02-28,1.882075440659858,0.7548128553634031,2.9585785819875094
2016-02-29,1.8937492223430068,0.827975973428015,2.9653986990393144
2016-03-01,1.8933056332669023,0.7063641037593086,3.054388654316655
2016-03-02,1.9064075239761311,0.795021018589273,2.9794484359162454
2016-03-03,1.8994782659917746,0.821461796355975,2.979615313364938
2016-03-04,1.8702115631969802,0.7085482229197494,3.000112378550807
2016-03-05,1.868249801432053,0.7440020151021842,2.912546601890499
2016-03-06,1.8665055092338738,0.8107319352973668,2.9912343123933747
2016-03-07,1.8798247129981054,0.7883916881204961,2.998396388530732
2016-03-08,1.8809051364854938,0.8659093025787773,2.9408445444330216
2016-03-09,1.8956837568377745,0.8341001295175835,3.0362563931642086
2016-03-10,1.8903216309888027,0.7906487624757961,3.0289866600079183
2016-03-11,1.8625317376286785,0.809398578961647,3.056567440705894
2016-03-12,1.8624400502231016,0.7039731923365716,3.053646690929682
2016-03-13,1.8627447320891644,0.775515731083462,2.911617320261265
2016-03-14,1.8784487199143949,0.7543678679423076,3.0460305940830295
2016-03-15,1.8820198162455428,0.7630303649001207,2.9477035697987373
2016-03-16,1.8996346310746752,0.8333842112407314,3.025556312635822
2016-03-17,1.8971482022752417,0.8097704792200789,3.0223252609478686
2016-03-18,1.8722413779871256,0.7885598050274311,2.9388822386302405
2016-03-19,1.8754663870563193,0.7993765692691318,3.0033754487727067
2016-03-20,1.8792457508775058,0.8091394414557647,2.9214242200935794
2016-03-21,1.8986762235843933,0.7982449955935237,2.976472952911781
2016-03-22,1.905932984256056,0.84610048791979,3.017362188253829
2016-03-23,1.9273721789142766,0.8423339677746967,2.93206859771032
2016-03-24,1.9284874869384512,0.7792874543810641,3.0282190646095524
2016-03-25,1.9068790634657473,0.8452416470319944,3.0069767791223247
2016-03-26,1.9134854287087393,0.7896271172800432,2.994596881095131
2016-03-27,1.9204236598684863,0.8302012109406641,3.049348534418583
2016-03-28,1.942865940795238,0.7550568540126066,3.02998697914708
2016-03-29,1.952688753204229,0.9228662595550491,2.991199285905844
2016-03-30,1.9764345326153492,0.8909319084805701,3.0817137663474847
2016-03-31,1.9792552880907195,0.8766037916469963,3.142332692390279
2016-04-01,1.9587027979364253,0.8036332810761428,3.1106447802517456
2016-04-02,1.9661461021461184,0.8536635482164426,3.0424804683131215
2016-04-03,1.9734518674488237,0.812763193241528,3.112796615379105
2016-04-04,1.995932078562908,0.8968825466965412,3.1149021591511783
2016-04-05,2.005236441385953,0.8257317876416264,3.026596579045265
2016-04-06,2.028171098814347,0.8986307559876793,3.1248315029518983
2016-04-07,2.029627043661083,0.9363672571628402,3.163386404635197
2016-04-08,2.007189169386318,0.9343000795402124,3.0798251650299013
2016-04-09,2.0127369021738333,0.917154938864213,3.1645445209596255
2016-04-10,2.0179622860600714,0.8538198350916141,3.1417806848596146
2016-04-11,2.038386449257669,0.9113122387665992,3.130408709988342
2016-04-12,2.0454930135066443,0.9389998860258864,3.1615618232255884
2016-04-13,2.0664018946298013,0.9395416196194029,3.22793289764663
2016-04-14,2.0657808276992986,0.9532193318323054,3.12345297820145
2016-04-15,2.0412719411831017,1.0278527931792663,3.1366830967471966
2016-04-16,2.0452745912625,0.9795836012656002,3.182229360509511
2016-04-17,2.0493006570841885,0.9442446106850257,3.0939022531739755
2016-04-18,2.0690597200301637,1.0277722609731683,3.1673882084741654
2016-04-19,2.075833871783503,0.9792922378812426,3.1556811610694084
2016-04-20,2.0970074397949956,0.9115220352816573,3.1882432160586016
2016-04-21,2.0969628916356005,1.0521282244026555,3.23400107617453
2016-04-22,2.073326592107799,0.9427246920264538,3.1019734858500074
2016-04-23,2.0789358454452547,0.9249072793365257,3.1364712606132534
2016-04-24,2.0850336948524566,0.94353397524392,3.078356886412059
2016-04-25,2.107425330455068,1.0739284055898484,3.297832419074612
2016-04-26,2.1170969590093986,1.0284213130989153,3.173928830676287
2016-04-27,2.141604184830655,1.0776983898129162,3.2538407838776124
2016-04-28,2.144955009118755,0.9943257971044295,3.191180449262823
2016-04-29,2.1246773883716026,1.027607078822264,3.1462151105784546
2016-04-30,2.1339729248927983,1.0403336678649213,3.2170501844312596
2016-05-01,2.1437533574005325,1.1034241777338392,3.3018116065103684
2016-05-02,2.1698700621497884,0.9814847763678549,3.2831743603675214
2016-05-03,2.1829784671127954,1.1202207461496834,3.2768239244390243
2016-05-04,2.2107861413380903,1.0871456253427991,3.433891651169989
2016-05-05,2.21692347693665,1.1326947142971948,3.3191476963688435
2016-05-06,2.198833149760189,1.0594025520760464,3.315227586448849
2016-05-07,2.210110065796855,1.0259669578024408,3.287861082698164
2016-05-08,2.2213786655134937,1.1960948496487451,3.320343835161744
2016-05-09,2.248594179392487,1.167507096465636,3.37748614734528
2016-05-10,2.2621508243476574,1.2099837804837652,3.3515856552448016
2016-05-11,2.289987467177609,1.2049903770465575,3.3565063208930237
2016-05-12,2.2954435461434888,1.2520245191424586,3.3945799592216455
2016-05-13,2.2759677556462146,1.1176035509880013,3.323629692073344
2016-05-14,2.2856414165911527,1.2136083410136629,3.36863705983218
2016-05-15,2.2948936960231805,1.2345445044566916,3.3827931141182086
2016-05-16,2.319871742205183,1.2208543726714305,3.4365769358416176
2016-05-17,2.330789902274696,1.2623131291834202,3.4832031426600287
2016-05-18,2.355890400415943,1.2104926981327382,3.4817637763884086
2016-05-19,2.358282223715942,1.2815131288661137,3.5078020806541597
2016-05-20,2.335467114119088,1.1658824275097774,3.4721568899504542
2016-05-21,2.3420448688613242,1.2682562506555697,3.4839677800968087
2016-05-22,2.3482654561309833,1.2141912964947605,3.488051642608547
2016-05-23,2.3704675226953453,1.1826664896283892,3.447645341317376
2016-05-24,2.378668660199337,1.357677621318814,3.5371569435078336
2016-05-25,2.401381665568071,1.3668398586448265,3.5137053377517775
2016-05-26,2.4014374876695053,1.2832361858822363,3.5275802666485743
2016-05-27,2.376330124302889,1.2497168723240577,3.4287186968801757
2016-05-28,2.3811059078109698,1.293128097510863,3.480480007771268
2016-05-29,2.3857549703947627,1.3425743369495347,3.4696359656943305
2016-05-30,2.4067209042239988,1.1795798998067681,3.4882076759765464
2016-05-31,2.4137350990520847,1.2918311927106214,3.530207014859182
2016-06-01,2.435491757728373,1.3466404595626627,3.582075947882843
2016-06-02,2.434458127948396,1.3715228320164283,3.5890385474589537
2016-06-03,2.4080414778168113,1.302582358948468,3.478645923056363
2016-06-04,2.411665387030656,1.3497360655901738,3.484286216631291
2016-06-05,2.415003329545996,1.3702781663152233,3.5317021077503132
2016-06-06,2.4345619075759517,1.3209790054092396,3.5377437242279686
2016-06-07,2.4397612509408497,1.4004551970461347,3.5464252487966665
2016-06-08,2.4594702740698406,1.3558057579093659,3.639650384784808
2016-06-09,2.455805116195283,1.2927039944136989,3.563039411023175
2016-06-10,2.42611851294427,1.313703375581777,3.5968327826859303
2016-06-11,2.426262779472767,1.3799537612040984,3.6282474055081892
2016-06-12,2.4256645593956936,1.3201367460958155,3.491556677167327
2016-06-13,2.4409800570660694,1.3923975646849802,3.5771707709875256
2016-06-14,2.44141933078115,1.3626102434663911,3.589439326684837
2016-06-15,2.456139082079359,1.2321373497432948,3.505796470741257
2016-06-16,2.447026122361013,1.3085019599641985,3.5653844073201495
2016-06-17,2.411505569993437,1.3758568410088583,3.586547226077827
2016-06-18,2.405986664329912,1.3446982122917421,3.444605406115045
2016-06-19,2.3997746389946086,1.2330607051230216,3.496261722795261
2016-06-20,2.4097938427086194,1.2738561400039305,3.4445083959332954
2016-06-21,2.4051518780866212,1.382589978891246,3.536667354190572
2016-06-22,2.415386051514277,1.2682559898508992,3.493952952778484
2016-06-23,2.4022282949937206,1.3057255255289277,3.543522677572533
2016-06-24,2.36322903200232,1.182056271711999,3.4944399649914795
2016-06-25,2.3553831847888613,1.24304295676916,3.508461102814876
2016-06-26,2.347877143793454,1.203476622381341,3.438616969677404
2016-06-27,2.357878443444106,1.2158903171853794,3.4654775774989455
2016-06-28,2.3543391495647414,1.2595242744534345,3.4308500841083354
2016-06-29,2.3670961640218287,1.2686534994997793,3.438874854488197
2016-06-30,2.357618595193557,1.3145679248045266,3.4686605977984337
2016-07-01,2.3234490814261033,1.2553976841841252,3.460834683009834
2016-07-02,2.3220125465224544,1.2389367502372977,3.421648282879469
2016-07-03,2.3222015359830332,1.3007289697804119,3.4489513034020636
2016-07-04,2.341236357764094,1.2223843122122406,3.5501053658900816
2016-07-05,2.347712182770359,1.266184870340779,3.4229307488628318
2016-07-06,2.3715581056580577,1.23167176161715,3.492768566416718
2016-07-07,2.373772181560126,1.2770956427663882,3.459049406850485
2016-07-08,2.351685604260758,1.2548903274765915,3.4443183008453593
2016-07-09,2.362959642707444,1.1982448620252395,3.52722570522382
2016-07-10,2.376014664937737,1.1920648121386506,3.4233308829428544
2016-07-11,2.407965805187288,1.268100479681486,3.4706783339170513
2016-07-12,2.426918436156468,1.339086323526566,3.585903687699979
2016-07-13,2.4627901070880145,1.3454838263395104,3.541626655895715
2016-07-14,2.4760367076555774,1.403683625988575,3.6256376171017815
2016-07-15,2.463742194737916,1.3151015322805217,3.548930233609547
2016-07-16,2.483805549029691,1.3396562732881308,3.5531438019698554
2016-07-17,2.5042144048777346,1.4056686673357497,3.6556517011946834
2016-07-18,2.5420561989527894,1.3188147338373406,3.6002093754039093
2016-07-19,2.565060989724988,1.3594398639091023,3.652224369119964
2016-07-20,2.60328427790823,1.5130525245213746,3.6379905219403974
2016-07-21,2.6168213680093375,1.516710028988084,3.7048543505782203
2016-07-22,2.602718841035378,1.5435063324478489,3.6630791360930517
2016-07-23,2.6193469411446824,1.4628409990392148,3.791811789498243
2016-07-24,2.6345125420231743,1.6151164920848515,3.7379372508201887
2016-07-25,2.665539956160514,1.5323660948980085,3.8520075991152165
2016-07-26,2.680054873110552,1.6060194068582174,3.7883316443539803
2016-07-27,2.708521583212595,1.5908587910702703,3.839228183506532
2016-07-28,2.7109389724158275,1.6316345429031378,3.8512605588820854
2016-07-29,2.6845672607861397,1.5560407827753882,3.7655035784001556
2016-07-30,2.688479592500012,1.5527150118166275,3.7654871710701108
2016-07-31,2.690508529749993,1.5285823347798297,3.8379874649080485
2016-08-01,2.7083912861293724,1.6145302888910458,3.791324021440368
2016-08-02,2.7097902608449833,1.6045839874137924,3.766642217828586
2016-08-03,2.725680980092911,1.5644954182160464,3.7913161239042483
2016-08-04,2.716026979209268,1.5871844081011188,3.878259052000376
2016-08-05,2.678320079169031,1.6382114033199755,3.763412248954725
2016-08-06,2.672310522421227,1.5975626772030782,3.8196358338574687
2016-08-07,2.665787431407677,1.562513483440392,3.7627478137429713
2016-08-08,2.676789993277678,1.5576730615227214,3.803561958424578
2016-08-09,2.672867174161394,1.5890561349023744,3.7976958654424706
2016-08-10,2.6853199578701523,1.6291376019475894,3.7385953361068927
2016-08-11,2.673859602686396,1.615960399201038,3.771426731153725
2016-08-12,2.6359667385110024,1.6107809033954992,3.7653672010846573
2016-08-13,2.6318059927589283,1.5476974030758868,3.7492706985876456
2016-08-14,2.6288468674974674,1.5964122219704777,3.779192611530171
2016-08-15,2.6451476735011665,1.4744299601025246,3.72904932401718
2016-08-16,2.6478613912186093,1.528132227993019,3.7808741552669374
2016-08-17,2.6683391617252474,1.5728166644946928,3.780225761031848
2016-08-18,2.6657786809402957,1.521989730113263,3.675631890040728
2016-08-19,2.637408512357437,1.6011598756900522,3.7869953756010477
2016-08-20,2.643593063837368,1.475192264415883,3.765383410976349
2016-08-21,2.651299057790564,1.4894636927789102,3.762829166152081
2016-08-22,2.6784565683480057,1.5931589266198736,3.835267002350918
2016-08-23,2.6917144496009278,1.547404044588301,3.8029824059741184
2016-08-24,2.7224074784075394,1.6706015340283493,3.8335024008006275
2016-08-25,2.729196204014684,1.6170207591644923,3.80034535700939
2016-08-26,2.7090766808872826,1.6263579204198573,3.8090348363732365
2016-08-27,2.7226748852698046,1.6422593763993043,3.8150357069441267
2016-08-28,2.736556779207242,1.630207109431936,3.823847693725794
2016-08-29,2.7686634200938656,1.6772010366411758,3.852818777559998
2016-08-30,2.7853119779235875,1.6917652180210747,3.9263380208345953
2016-08-31,2.8180217133411545,1.7205976182438876,3.9202457353892024
2016-09-01,2.825139759092904,1.7195137321399818,3.9376242934051175
2016-09-02,2.803670192420522,1.6590310215165458,3.916800003463852
2016-09-03,2.814751418448276,1.67976268880453,3.906330656664137
2016-09-04,2.8248031373098135,1.6799760170719684,3.9869594014819025
2016-09-05,2.8520287974816836,1.692350257682869,3.8848024519367064
2016-09-06,2.8626556159492953,1.8365013589987822,3.9262262268827
2016-09-07,2.8886131237820947,1.7612267696612434,3.99390568751592
2016-09-08,2.8881390967043,1.7736015977513904,4.080482220906912
2016-09-09,2.858422822228169,1.7737726201534898,4.047475527548232
2016-09-10,2.861261077924224,1.7142617227941732,3.8767539244680753
2016-09-11,2.8630385160617546,1.7661727160990122,3.977158250192567
2016-09-12,2.8822949504201407,1.8178587206700703,3.980382995926333
2016-09-13,2.8852029063640887,1.768323466714477,4.021130905622123
2016-09-14,2.9040983317450095,1.7842871134862583,4.0194130215941195
2016-09-15,2.8970673493630446,1.8457382842824974,3.976682058315968
2016-09-16,2.861405441383344,1.7625409369997072,3.9265086325169514
2016-09-17,2.8594547410335944,1.8275174267085783,3.993793285776077
2016-09-18,2.8574214685405273,1.771447779135093,4.061232095263285
2016-09-19,2.874012494979206,1.6836488287584008,3.9478146315241394
2016-09-20,2.8751555484388094,1.8595341026445935,4.00779581045828
2016-09-21,2.893387753756634,1.7725948621912007,3.9259467926464637
2016-09-22,2.8864292483352143,1.8539306204790122,3.9938941964906856
2016-09-23,2.8514645342523885,1.7628323791135234,3.969872527998865
2016-09-24,2.851167368775328,1.741620066545704,4.028068405080003
2016-09-25,2.85136139783903,1.6880382374084721,3.9472074987622126
2016-09-26,2.8707318345505337,1.8285620498932764,4.037081502213833
2016-09-27,2.8747936902264493,1.7376391801222124,4.030224780652538
2016-09-28,2.896142896350469,1.7996471605714879,4.058713346992049
2016-09-29,2.892020792813739,1.7621586958815516,4.014247749031844
2016-09-30,2.859420804632511,1.7634286774386414,3.9665389726218856
2016-10-01,2.861303152179,1.7485065811754756,3.958714073012932
2016-10-02,2.8630999093983,1.6732469043896785,3.976810035798554
2016-10-03,2.8835020004170144,1.6807307790659722,4.037649217692898
2016-10-04,2.8876746334431638,1.8239412116106255,4.023847081710429
2016-10-05,2.908369184018382,1.7980123281473617,3.955106906313714
2016-10-06,2.90247578975141,1.81645064582969,4.01825215327931
2016-10-07,2.8669517203861012,1.7187615466692006,4.023263098592516
2016-10-08,2.8652215142721316,1.776808600473363,4.029204278944272
2016-10-09,2.8625214292056276,1.6465012944697202,3.9741260041163047
2016-10-10,2.877756226930044,1.7606141449172608,4.036753350661126
2016-10-11,2.875955935138456,1.8043403036775623,3.987105034305271
2016-10-12,2.8902424349689437,1.800360348768867,4.054554530979436
2016-10-13,2.877364089344606,1.7996615183601221,3.964499590756151
2016-10-14,2.8344398837278844,1.8372147992113552,3.931631727777788
2016-10-15,2.825539377490271,1.8129068417306105,3.9283792710168566
2016-10-16,2.8158613991100467,1.765103686101019,3.869338971763161
2016-10-17,2.824656071673791,1.6671485494386273,3.8868594026800967
2016-10-18,2.816919078607626,1.7730320065738743,4.0332056684917585
2016-10-19,2.826209954345861,1.7449969655575912,3.9426479788698505
2016-10-20,2.809166646320877,1.755048511693648,3.961033933586785
2016-10-21,2.7630642804327907,1.6679934914959305,3.8167211774335588
2016-10-22,2.752574762009816,1.6142642644007033,3.7653507283698735
2016-10-23,2.7427805306781607,1.6222455065863461,3.799659771289493
2016-10-24,2.753163596260698,1.7545329745896165,3.8615817209107477
2016-10-25,2.7485399796297187,1.686163184633171,3.8766343412092454
2016-10-26,2.7627332039486094,1.6358395351558488,3.799356456655281
2016-10-27,2.7520730161250917,1.5902929534652366,3.811909919830452
2016-10-28,2.7137736148938805,1.6423170907639697,3.7686922009388515
2016-10-29,2.7128782196459325,1.6139809027499616,3.8415715289811874
2016-10-30,2.7141135403004877,1.5140669642551219,3.774869772196453
2016-10-31,2.736547355449007,1.6636736535987178,3.831895377411199
2016-11-01,2.7449801159326443,1.5931620563580582,3.886619360774688
2016-11-02,2.773261310400369,1.5503478728858038,3.7959012203955482
2016-11-03,2.777215172165357,1.6864429551822966,3.7825207021678016
2016-11-04,2.753813038743335,1.5747406068829912,3.8765013446876737
2016-11-05,2.7682532676789204,1.6656512132532848,3.8505985957040787
2016-11-06,2.7847844967120787,1.7004440905541613,3.902467769987067
2016-11-07,2.8227340560325387,1.7910696377583692,3.8745660370399357
2016-11-08,2.846042523028432,1.738350758288043,3.9630030385328205
2016-11-09,2.8885172830252404,1.7532316762032163,4.06203241211365
2016-11-10,2.905499361684314,1.7543347005711263,3.9857138620049986
2016-11-11,2.893736848066809,1.7365091364560308,3.995669426069073
2016-11-12,2.9186254434900407,1.8262675465632807,3.980792309858622
2016-11-13,2.9440487366786816,1.888445186012401,4.030239519628187
2016-11-14,2.9893190376689422,1.8508902861848033,4.078347782809401
2016-11-15,3.018070661858125,1.849651937351405,4.098864419025113
2016-11-16,3.064243177774288,1.999207858030207,4.136466590405575
2016-11-17,3.0828865313216114,2.013789043389984,4.158868329130316
2016-11-18,3.0707308390766066,2.010539761414694,4.206552475466621
2016-11-19,3.093582689814405,1.9452466580254288,4.21297974705146
2016-11-20,3.1151774986037024,1.993588650068064,4.196913481011821
2016-11-21,3.1550279002161927,2.1185902875155884,4.331868163771924
2016-11-22,3.1766710983934843,2.077688174886207,4.416065674026313
2016-11-23,3.214377450013245,2.1178483705517164,4.286675936540656
2016-11-24,3.2230899475506303,2.080574720201199,4.36430456901562
2016-11-25,3.199686955055779,2.0910714693599357,4.350378568772648
2016-11-26,3.21053141328858,2.165406534407461,4.4006201988253455
2016-11-27,3.219333056285014,2.0940159775801015,4.302385389809889
2016-11-28,3.245902815094064,2.1341100190814672,4.346588396297603
2016-11-29,3.253753365184341,2.270817781978449,4.363264291675445
2016-11-30,3.277532857050251,2.1406697866823166,4.337756600636685
2016-12-01,3.272099219955263,2.114564889178233,4.3172603116119985
2016-12-02,3.2344769147046675,2.1738829592940774,4.326091316489484
2016-12-03,3.231560669420778,2.1881479818098697,4.299050064963257
2016-12-04,3.22698966643954,2.1517954878701446,4.327567384242727
2016-12-05,3.2408104615398203,2.1405931640976394,4.374611776947661
2016-12-06,3.2364335398616912,2.113314920175708,4.330581995430326
2016-12-07,3.2487952108755507,2.143321369055521,4.383353876740722
2016-12-08,3.232569858809592,2.110911697448804,4.336400802381064
2016-12-09,3.1848238457401137,2.1228898144671002,4.27920233419095
2016-12-10,3.172876824063927,2.081305266796073,4.267650718497561
2016-12-11,3.1601907633499042,2.0502608680150014,4.222293886323777
2016-12-12,3.166943998511452,2.02493794499298,4.297509870355649
2016-12-13,3.156346083244925,2.0542536940720058,4.219299194207115
2016-12-14,3.1635297589696556,2.128107247680581,4.308656424784765
2016-12-15,3.14290264188755,2.0846109633204906,4.200435510479532
2016-12-16,3.091499322008556,1.9902100006477066,4.23503558057235
2016-12-17,3.0770008448945143,1.9660723940519826,4.135230859615129
2016-12-18,3.06263872510406,1.9717591306810975,4.202773492473931
2016-12-19,3.068679846286967,2.0259321438345688,4.135639950735538
2016-12-20,3.058098947775779,1.91551598851775,4.174852812108328
2016-12-21,3.0661996645756475,1.978178326369555,4.154343313627
2016-12-22,3.0471043689079678,1.8655236981422216,4.10827140470081
2016-12-23,2.9978029713948056,1.9284195845222312,4.045389861934986
2016-12-24,2.9863289400555075,1.891766287779465,4.160468428492641
2016-12-25,2.975676606604242,1.8429818874619155,4.063920010424502
2016-12-26,2.986195239945266,1.9634885342655637,4.132438606205972
2016-12-27,2.9806175772864396,1.8739123539892495,4.159574015604561
2016-12-28,2.994408506253878,1.9649095237115644,4.074497489524492
2016-12-29,2.981391854263628,1.8546546066230327,4.067251491929045
2016-12-30,2.9384949606685025,1.809310429323417,4.00957970940806
2016-12-31,2.9340806192892614,1.7895102792941466,4.1031133183785835
2017-01-01,2.930877410770962,1.8758918833899485,4.094418081468527
2017-01-02,2.949283045515845,1.842712032000149,4.058555712699358
2017-01-03,2.951749400039466,1.8530010141046505,4.018101736594697
2017-01-04,2.9738596543877085,1.8638490304344644,4.099344545597198
2017-01-05,2.969093169104404,1.8254735929830497,4.071941338267756
2017-01-06,2.9342672560975736,1.8812778918554438,3.9956139011850698
2017-01-07,2.9380267104408726,1.8179964997443676,3.975599291614106
2017-01-08,2.942789012802742,1.8359196451934479,4.113500917331863
2017-01-09,2.968958896753724,1.8689289130619902,4.0795033355486385
2017-01-10,2.9786718835191217,1.8547021837053868,4.072926440648323
2017-01-11,3.0076018304919057,1.8806488485456712,4.092694701954583
2017-01-12,3.0088657383764192,1.9242632231193526,4.1883695711953655
2017-01-13,2.9791643766081015,1.8473776060801126,4.116973652678686
2017-01-14,2.9874308048611207,1.8627395575356611,4.1154674626587475
2017-01-15,2.9957915291878248,1.8893241124589257,4.031146874808596
2017-01-16,3.024693008582072,1.9598882393941646,4.101755097271511
2017-01-17,3.036003993594324,1.9558132983152612,4.128856689474388
2017-01-18,3.065553354152645,2.023222222683074,4.160540520139186
2017-01-19,3.0661742339229296,1.9573291668294581,4.187668044962946
2017-01-20,3.034542496820794,1.9438723687019357,4.1629528293175735
2017-01-21,3.0399827696965107,1.8894639213672266,4.199560444757145
2017-01-22,3.044443678524072,1.9471591284242393,4.119066368331343
2017-01-23,3.068534059084803,1.9710752971354557,4.22032316722137
2017-01-24,3.0739815590245785,2.001036494975858,4.167335056667542
2017-01-25,3.0968979663801317,2.0090322673252525,4.162447813649259
2017-01-26,3.0899597704010198,1.9840765088607208,4.073007957671853
2017-01-27,3.0499414089270664,1.931413603669112,4.090427872204918
2017-01-28,3.046675819366194,1.967833658680423,4.201062515721467
2017-01-29,3.0420408376662986,1.9665926041663742,4.129446479706605
2017-01-30,3.056902378468865,1.9587570956389841,4.160709561587199
2017-01-31,3.0529268315734015,1.8994359867655168,4.110790439723012
2017-02-01,3.066571764115644,1.96544723506277,4.160167743139135
2017-02-02,3.050401170080383,1.9141717228771655,4.165025926050987
2017-02-03,3.001312266102354,1.8817517087167834,4.167611747082751
2017-02-04,2.989649806574248,1.8623371235126904,4.132006351271979
2017-02-05,2.977203437900105,1.8575099939361759,4.060998490043585
2017-02-06,2.9850581900872704,1.8403055026554458,4.096130062516423
2017-02-07,2.9747615557270075,1.7948290087833216,4.074305163565677
2017-02-08,2.98304098056285,1.836287536148052,4.128323198579137
2017-02-09,2.9622557078027336,1.8320874525637236,4.01199779563636
2017-02-10,2.9093194697526386,1.8068581997602653,4.029659824079595
2017-02-11,2.8949712922609034,1.780429744118997,4.010706971960153
2017-02-12,2.8807868321503896,1.8659286795966974,3.964698272190805
2017-02-13,2.887939426286473,1.7350403693151932,3.9815597696180585
2017-02-14,2.877725225752732,1.719438720598202,4.007100942452542
2017-02-15,2.8870108783874593,1.7681510336672144,4.0541428826709955
2017-02-16,2.8678253052445157,1.7850692898299596,4.058676542238232
2017-02-17,2.816981463575972,1.7149851898948991,3.9954012282677556
2017-02-18,2.8055065631157086,1.706630244788724,3.912157611058696
2017-02-19,2.794669972172466,1.7565039349877047,3.962958160260157
2017-02-20,2.805656998375502,1.7405252573061953,3.9560480426262865
2017-02-21,2.7994537787344047,1.7274103606475508,3.854684376043933
2017-02-22,2.8130263330318876,1.7242772774569424,3.9507327909144148
2017-02-23,2.7980528966931626,1.6847178198361406,3.8446499369730764
2017-02-24,2.7512448084289733,1.7095573060677156,3.9189707100250444
2017-02-25,2.743935621448575,1.6847384374379593,3.8758349042688987
2017-02-26,2.7371245088973746,1.6022000603755076,3.7788704963356654
2017-02-27,2.7520611889693067,1.7049177145653036,3.7936827355219402
2017-02-28,2.7494885155493245,1.654091837871031,3.8974742494686274
2017-03-01,2.766550443304868,1.6675352212964787,3.886497843359259
2017-03-02,2.7546621302917873,1.6634151375878148,3.8708940810170414
2017-03-03,2.710526922333973,1.6098222019752186,3.9032424385752553
2017-03-04,2.70588118356798,1.559222242317696,3.8801334076351113
2017-03-05,2.701549976014555,1.5798412439484282,3.8113150008331074
2017-03-06,2.7189399537887406,1.5630201965656818,3.7572406864080543
2017-03-07,2.718636627014413,1.6353119220052028,3.8621381814177616
2017-03-08,2.7380384527299935,1.6213012566961056,3.8785994901191203
2017-03-09,2.728362248821359,1.6371282123992659,3.920851668272337
2017-03-10,2.6863542201695383,1.5729283336218014,3.78823590320284
2017-03-11,2.6841889205346994,1.5598951502887288,3.829585635646587
2017-03-12,2.6825361343461234,1.5787569696998593,3.669071703289118
2017-03-13,2.700527838608293,1.6069102809598608,3.733516912820469
2017-03-14,2.701008729848046,1.5886867938569684,3.848824612072032
2017-03-15,2.7215458556494867,1.5534603105884879,3.9450626617775257
2017-03-16,2.713232833706961,1.6148160260049609,3.7671005966228837
2017-03-17,2.672890569269452,1.6536473516181682,3.820836990208389
2017-03-18,2.672755642749838,1.5762973071628608,3.828870911749554
2017-03-19,2.6734015817224233,1.6131998924130257,3.7137451070416705
2017-03-20,2.6963081248464906,1.6112159559582109,3.814893344575954
2017-03-21,2.7018863555205677,1.6014525668901696,3.8528735300725794
2017-03-22,2.7275990042526557,1.6121593966628343,3.8364613075234937
2017-03-23,2.7245163391357248,1.6128503248624064,3.8635539577300473
2017-03-24,2.6893817612739364,1.5659410942642285,3.8161659175309643
2017-03-25,2.694271759858494,1.62959290224362,3.8157108108713174
2017-03-26,2.6997142389983138,1.6189035641667586,3.7868177215431484
2017-03-27,2.7270812200496635,1.6307613260414122,3.9997432414589698
2017-03-28,2.7367435351348757,1.5928493600433626,3.7569112120073487
2017-03-29,2.7660502530530757,1.6896092356826993,3.8479423363607266
2017-03-30,2.766057062638523,1.7056063572069033,3.853428483024193
2017-03-31,2.733456872195684,1.7034171536235638,3.837085862445424
2017-04-01,2.7402108727731727,1.7266660878898443,3.8760078523468717
2017-04-02,2.7468628849474297,1.6539935362277605,3.802501643180314
2017-04-03,2.774753916781403,1.6526595398948316,3.903938834931867
2017-04-04,2.78430433150834,1.7070887631161737,3.977467728485652
2017-04-05,2.8128498692960493,1.7664159043918062,3.906079303164212
2017-04-06,2.811539628904358,1.6645983578956018,3.8763780021512546
2017-04-07,2.777128496651111,1.6460894272158009,3.888985809281583
2017-04-08,2.7815759598051546,1.7277288136571136,3.885346266534448
2017-04-09,2.7855530343039567,1.748774487563807,3.9009301223286443
2017-04-10,2.8104752642776507,1.559538881266071,3.838427390322692
2017-04-11,2.816909080677786,1.6299268834278107,3.949730867442122
2017-04-12,2.8422613691240355,1.7237612080607136,3.938546762120514
2017-04-13,2.837844329695642,1.7589608924511302,3.8968090161483873
2017-04-14,2.800527431557682,1.7614411518848063,3.948966541881931
2017-04-15,2.8023021634125787,1.7737580774146096,3.871470420304561
2017-04-16,2.803980279853465,1.7403590886272964,3.9000084531201096
2017-04-17,2.8270445743922368,1.692210447656989,3.9112673830149345
2017-04-18,2.8321793807471423,1.6474315914919526,3.8837082285502853
2017-04-19,2.8568142649808603,1.8143166737052427,3.989692884294536
2017-04-20,2.8523569556862407,1.7289432081454095,3.964878135494314
2017-04-21,2.815706599256021,1.7487820683012663,3.814798076990369
2017-04-22,2.8187867557004407,1.6917772131213804,3.8837036901429407
2017-04-23,2.822437739218192,1.742490746036729,3.9073696574201313
2017-04-24,2.848088326784029,1.7271941999225409,3.9595725320406006
2017-04-25,2.8564138574586324,1.774778032225086,3.9306560274835403
2017-04-26,2.884737694729196,1.656476500069896,3.9997469462492212
2017-04-27,2.8844359542787545,1.737664381893896,3.999648407074391
2017-04-28,2.8523157558903645,1.6970038264932579,3.995720339886113
2017-04-29,2.860120017162426,1.6932106766896888,3.9538960577764186
2017-04-30,2.8686171887681176,1.8398825128122738,3.9647144491408217
2017-05-01,2.8990968454087502,1.6734451388034173,4.052190870148164
2017-05-02,2.912157884857131,1.8150465386097094,3.947635476549018
2017-05-03,2.944969738713356,1.8875675755538774,4.020236488965745
2017-05-04,2.9488502895979543,1.8704406160693199,4.033643817070421
2017-05-05,2.920509879838336,1.7441855330615332,3.990734632194776
2017-05-06,2.9315280052947177,1.8253848797743297,4.044930509000993
2017-05-07,2.942639883341166,1.8184803798109397,4.015280558655238
2017-05-08,2.9750547141529826,1.733913879324872,4.045595324256599
2017-05-09,2.9893721515459157,1.8445960730129074,4.053124365005634
2017-05-10,3.0227008716343953,1.9619669433373697,4.080184164116823
2017-05-11,3.0264067973494875,1.9255293757308145,4.155059433630331
2017-05-12,2.997219576840974,1.9183819090569971,4.025131025482577
2017-05-13,3.0066775850768432,1.8140969514733438,4.216753542347986
2017-05-14,3.0156075367711606,1.895752828200581,4.154201667076182
2017-05-15,3.045261551450934,1.9285900893765855,4.102039311737217
2017-05-16,3.0563580707309974,1.9473967161743566,4.265321872931025
2017-05-17,3.08605412032343,1.914291016677778,4.158552721629609
2017-05-18,3.085860453725162,1.9723288075069862,4.153782004773863
2017-05-19,3.05260749653681,1.9274012662447455,4.149515283451753
2017-05-20,3.057856133342064,1.9816055302979534,4.308016692727911
2017-05-21,3.06256840724552,1.9515797022892232,4.116308580667807
2017-05-22,3.088062060607091,1.9443020893639797,4.1688671524742915
2017-05-23,3.09517524795629,1.9754622855441293,4.254757374909087
2017-05-24,3.1210925443396844,2.0825811632370015,4.274661979293174
2017-05-25,3.1174277697687987,1.9565406793237676,4.221931572557215
2017-05-26,3.0810508524368654,1.9563380006138416,4.216675433120589
2017-05-27,3.0834665063014834,1.985910802593174,4.139270007942772
2017-05-28,3.0856787153477887,2.0634164952426968,4.1236192298763426
2017-05-29,3.1089659618578636,2.01670245227624,4.212007209877071
2017-05-30,3.114173364634769,2.0231249646523115,4.243449077948501
2017-05-31,3.1383963709451,2.0435288931339874,4.217818971798877
2017-06-01,3.133235385282487,2.012052862822464,4.3030662243513
2017-06-02,3.0954877325544756,1.9735385752379835,4.188763656569808
2017-06-03,3.096498332507992,1.8876105459170396,4.23809714524732
2017-06-04,3.097221867826665,2.009971692532544,4.2763204838543345
2017-06-05,3.1188222642822145,2.0249349458214487,4.234364002685282
2017-06-06,3.1220953644563556,2.0031647568012807,4.232503783170716
2017-06-07,3.1440128519927075,2.0693149406418168,4.184963364678989
2017-06-08,3.1361505801225387,2.046011804729165,4.296494437561479
2017-06-09,3.0952468037373246,2.0094319356410213,4.115025455440546
2017-06-10,3.0925252408205486,1.9658558667503958,4.160357791332971
2017-06-11,3.0889545064966386,2.020848702598973,4.179275517652264
2017-06-12,3.105670614024784,2.0136997754964856,4.191171623395696
2017-06-13,3.1035281594191995,1.9649820644953306,4.246099925274517
2017-06-14,3.119501703970874,2.00168450373121,4.183231155568509
2017-06-15,3.105284346764553,1.9835840884284173,4.1912445498328
2017-06-16,3.0577081778044524,1.8566834381811732,4.1540404634469414
2017-06-17,3.0480351958583776,1.9018182163021715,4.101936468066248
2017-06-18,3.0374091211290737,2.0229086668031058,4.148260718546802
2017-06-19,3.0470958122929552,2.017222309004355,4.12639996190979
2017-06-20,3.0381577883813873,1.8893342268166544,4.143921203347137
2017-06-21,3.04770798083284,1.9586071047428173,4.113585889882039
2017-06-22,3.027673700583333,1.9503917355184768,4.194256755337428
2017-06-23,2.9750748527159785,1.9423256356179057,4.037411312613371
2017-06-24,2.9612787833265033,1.8440656634901225,4.0844818650561905
2017-06-25,2.947641205179803,1.8203523380066589,4.095331008769384
2017-06-26,2.955562039921051,1.8766160178401372,3.9695495462928116
2017-06-27,2.9462816539278402,1.8431537036598802,4.025508825962833
2017-06-28,2.9569862937998126,1.89722192048295,4.0340032780879715
2017-06-29,2.93973774311648,1.8327550473862948,4.051329622769805
2017-06-30,2.891610591575893,1.772312458277257,4.0849883580125175
2017-07-01,2.8839132901499416,1.759145864744706,4.062711286046349
2017-07-02,2.878021415348605,1.8138794046262854,3.9841895213808542
2017-07-03,2.8952530409248056,1.8764346987639942,4.002479372199577
2017-07-04,2.896791576831803,1.8001927881577142,4.063990708675092
2017-07-05,2.9196484442325943,1.7673471175781932,3.9409291946612997
2017-07-06,2.9157645060658375,1.8360107712998988,4.0442182106676485
2017-07-07,2.8820128465588586,1.78667111232386,3.9391894536964056
2017-07-08,2.8893926926959446,1.7634686045293049,4.028373069776365
2017-07-09,2.8990616989311064,1.8060886554084357,4.073037655354323
2017-07-10,2.932037371858556,1.8215625228040155,3.985853367128198
2017-07-11,2.9492526963940526,1.8155707335025029,4.039964546374704
2017-07-12,2.987381720324928,1.9002005657926835,4.072934702514224
2017-07-13,2.9981177510810624,1.9068452882848599,4.101245718389491
2017-07-14,2.9780458127604774,1.880677480357638,4.169069429222582
2017-07-15,2.997812648375996,1.9269146275533893,4.071015545017224
2017-07-16,3.0183601833771174,1.923329035524495,4.125064014861515
2017-07-17,3.060454029284516,1.96147471434658,4.201566827699045
2017-07-18,3.08487174406124,1.9769744246433154,4.120966617430377
2017-07-19,3.1280899787171763,2.015624149180347,4.234732514752397
2017-07-20,3.141736914956655,2.0527210151375916,4.204660783219461
2017-07-21,3.122330745110956,2.100916887972031,4.240555524025711
2017-07-22,3.140421050814773,2.0787947971444405,4.233005795014509
2017-07-23,3.157017799930407,1.9868466254501422,4.243996696672698
2017-07-24,3.1929404778453776,2.0499860077324086,4.2782452587842945
2017-07-25,3.2091318833330544,2.0896082825080105,4.311494405437153
2017-07-26,3.2421992670934876,2.0557171321221146,4.355600538989864
2017-07-27,3.2440331628658168,2.174656126061427,4.3789189713933006
2017-07-28,3.2114039640082277,2.0222047584147087,4.27814778513611
2017-07-29,3.21506687964208,2.060203668636757,4.251278015639033
2017-07-30,3.216378996302778,2.194731852835947,4.3231826932005095
2017-07-31,3.236462095009359,2.1070002471964564,4.3481120719202355
2017-08-01,3.236635750714533,2.0760857439510447,4.4583005655370735
2017-08-02,3.2538071101268424,2.182660978779669,4.357844862324867
2017-08-03,3.2402517820540075,2.1108152331920143,4.3263632493733235
2017-08-04,3.1930653185802798,2.0814574580522596,4.275960333405128
2017-08-05,3.1832297851789537,2.1176930360850488,4.257787236387703
2017-08-06,3.172418209844923,2.0644657992640965,4.269243413016508
2017-08-07,3.181971718626051,2.100307906566855,4.25947906858115
2017-08-08,3.173453870546082,2.0255394319630664,4.183016809552781
2017-08-09,3.1838922594956105,1.9400523684066342,4.322283240377561
2017-08-10,3.165725825711686,2.036119862853325,4.257578510751159
2017-08-11,3.11611666858699,2.005981793408149,4.228854188787975
2017-08-12,3.1059845863055484,2.0186923203619527,4.250215569432405
2017-08-13,3.0970060336773932,2.0087881471526914,4.1497281308907725
2017-08-14,3.110413279934117,2.0289825988579926,4.199491046454588
2017-08-15,3.107678066829087,2.0495314666607674,4.2166068567297215
2017-08-16,3.1256132972005664,2.017518025913186,4.2647814169225935
2017-08-17,3.1164949913573246,2.0056105279314913,4.230611779307141
2017-08-18,3.077242403701175,1.936180077603646,4.162932750896709
2017-08-19,3.0784280464061644,2.0162743374921592,4.185147596066293
2017-08-20,3.081478018946689,2.0096522523498224,4.1391025495885
2017-08-21,3.107299223145019,1.9564592970923842,4.172367987853602
2017-08-22,3.1170973970844074,2.034429313454944,4.2415877618189555
2017-08-23,3.1473428325308257,2.0687305317955755,4.253503955282416
2017-08-24,3.150069709520467,2.0561439052721933,4.202072974360129
2017-08-25,3.121925975038989,2.0239404733377233,4.21194683442946
2017-08-26,3.133159001767244,1.980715541579008,4.2165443551690425
2017-08-27,3.1450161357459026,2.094410957176364,4.373608323506207
2017-08-28,3.1781975478445905,2.1375263610548068,4.289880246192148
2017-08-29,3.193805026272973,2.117454589818932,4.3359317019884545
2017-08-30,3.2281670117403447,2.166113329275354,4.393514806855938
2017-08-31,3.233309636443265,2.1169532094793317,4.2690327164640625
2017-09-01,3.2058698846570626,2.08845845384998,4.356772323254907
2017-09-02,3.2160497772236853,2.1890160851475646,4.257155951016189
2017-09-03,3.2252095919704464,2.1251115426407776,4.29187726600196
2017-09-04,3.2541385739741124,2.1374099963299504,4.373906426708136
2017-09-05,3.264126685743812,2.1787437778881684,4.294922959401105
2017-09-06,3.291641344295102,2.199631444858795,4.406607512209009
2017-09-07,3.2889629360373247,2.142678678383695,4.39250001623175
2017-09-08,3.252954608673841,2.1524726556626392,4.311704700626437
2017-09-09,3.2539790825532076,2.1313369341992483,4.2939342977213455
2017-09-10,3.2536795491053283,2.051299727398696,4.352779018412659
2017-09-11,3.273064276299014,2.153750458571975,4.437991829017314
2017-09-12,3.2736984822585717,2.1086562014072388,4.481879917018453
2017-09-13,3.292231136325678,2.1239278283494154,4.39211235880954
2017-09-14,3.281194542234492,2.222091351152412,4.397188699440231
2017-09-15,3.2376315843490695,2.164422319417705,4.309167268090314
2017-09-16,3.231977186350319,2.1291824058192104,4.223426960209085
2017-09-17,3.2260300400174957,2.0406335934392654,4.322641646422438
2017-09-18,3.2408552940313635,2.024690287438378,4.350265086839829
2017-09-19,3.238101651354456,2.085574320668508,4.426449588033792
2017-09-20,3.2543840990651,2.1899144615303614,4.361956940727218
2017-09-21,3.2422540214571836,2.0733802681405247,4.325729697791233
2017-09-22,3.1986907763299506,2.0665962275826675,4.3211303717547
2017-09-23,3.193954897975064,2.1091203653946744,4.277514838689937
2017-09-24,3.1897577769735106,2.130261485694983,4.276012133500532
2017-09-25,3.2069893799202576,2.114178129943064,4.350756461390264
2017-09-26,3.207167154391789,2.165314584420186,4.351228150134464
2017-09-27,3.226680728298266,2.11957882574407,4.348572429875888
2017-09-28,3.217937887440018,2.1567347201544242,4.330652061237515
2017-09-29,3.1777249675949237,2.083691769998734,4.268416768445184
2017-09-30,3.1760353205318155,2.049121521996582,4.285485989808227
2017-10-01,3.1744394057245215,2.1172662260701207,4.289198951733673
2017-10-02,3.1936388830099864,2.122622098480467,4.207354729411251
2017-10-03,3.195047518399474,2.031911457173628,4.295907182083494
2017-10-04,3.214896899400766,2.1236873910673495,4.318572900355225
2017-10-05,3.205556210153012,2.1221922329091925,4.279121783350125
2017-10-06,3.163758322963401,2.1232242713021123,4.283430374822992
2017-10-07,3.1593994537873824,2.0748985803038438,4.238638171159397
2017-10-08,3.154104753012843,2.0444941515126063,4.213196941720474
2017-10-09,3.168603159055781,2.060604549627245,4.20901998115558
2017-10-10,3.164434152220154,2.056404132469463,4.263412581565325
2017-10-11,3.1779079644526598,2.0034290312539773,4.21274958514301
2017-10-12,3.1615924427168713,2.0420361240941918,4.244115268654348
2017-10-13,3.112398127611586,2.034136740373332,4.252067341126548
2017-10-14,3.1003425664422757,2.0167555460538487,4.183217563920854
2017-10-15,3.087305228915861,1.8620920483783185,4.174079335669442
2017-10-16,3.0942174713647477,2.0420039516119495,4.184716833840933
2017-10-17,3.0828901627778436,1.978354869952286,4.138517337856259
2017-10-18,3.089824218580622,1.9716937400764825,4.1693913231680195
2017-10-19,3.0678612953963285,1.920985012676376,4.140493498223817
2017-10-20,3.014125595836139,1.9287176260841683,4.162067544097837
2017-10-21,2.998751628867844,1.898273892774683,4.051275566143363
2017-10-22,2.9838283164828243,1.8579504168330496,4.077949095629907
2017-10-23,2.990405007355639,1.892988963418708,4.008970926732518
2017-10-24,2.9804419540367553,1.9019350140759885,4.1450497545448375
2017-10-25,2.990474129616324,1.8875209870565046,4.055283832799166
2017-10-26,2.9734296064751002,1.9104581969559093,4.120936385601302
2017-10-27,2.926432724305979,1.8230547833455701,4.066652148078078
2017-10-28,2.9195005900849016,1.8148300918363547,4.038806486692808
2017-10-29,2.9146821778979857,1.8406630031549662,3.992329304425374
2017-10-30,2.932886546746139,1.7889754410484842,3.930520641413126
2017-10-31,2.935962511217913,1.8240353759899635,4.117666781172891
2017-11-01,2.9602221030960925,1.774922661821781,4.04916879365367
2017-11-02,2.958432849688242,1.8979965307648068,4.057610806160849
2017-11-03,2.927488214159119,1.8929745285029442,4.0495119220015265
2017-11-04,2.9370782880850634,1.8438584496385626,4.008921952054053
2017-11-05,2.9490287461025724,1.8068652996449062,3.894871041421717
2017-11-06,2.983955420834461,1.916797254575389,4.089371168397755
2017-11-07,3.0034765147391727,1.822335847923976,4.098532396295514
2017-11-08,3.0435981755594157,1.961310543814579,4.117432528215081
2017-11-09,3.056882215527211,1.9335246932228733,4.1014557593582195
2017-11-10,3.039984414506968,1.9357387266257986,4.17956050766597
2017-11-11,3.0622990474515572,1.9791227237349722,4.221399317708471
2017-11-12,3.0854964158879947,2.0061245248488424,4.202472523361696
2017-11-13,3.1300016335829297,2.060592168841108,4.293963104680682
2017-11-14,3.157336438833317,2.0023567479011515,4.270767491532598
2017-11-15,3.2033632423777956,2.1568200818206953,4.442665119906718
2017-11-16,3.2206240558403327,2.210487177583494,4.3949884814660765
2017-11-17,3.2057419594615224,2.0973763141632533,4.322905841171822
2017-11-18,3.228034432888515,2.186047174815045,4.310660625788973
2017-11-19,3.2492442374925923,2.1734727639697735,4.34644291711485
2017-11-20,3.2898371329096743,2.1481962777262127,4.424267030040487
2017-11-21,3.3114680943412327,2.2333564151470973,4.49889952590522
2017-11-22,3.3500788541214073,2.2207048978011095,4.468893465594561
2017-11-23,3.3584033997445544,2.20477346065439,4.4472964178264265
2017-11-24,3.3332284153406615,2.2395538990675776,4.424344598724015
2017-11-25,3.343971767782689,2.2453700684045472,4.358291442283692
2017-11-26,3.3526037107630313,2.2230631430190657,4.463088637174969
2017-11-27,3.3797611786048307,2.2690220928556664,4.514177363879274
2017-11-28,3.3873367662814027,2.260954511831687,4.412212247438267
2017-11-29,3.411428848372572,2.3562912082808887,4.490988719000643
2017-11-30,3.40501345017546,2.3399249061717264,4.498761319455298
2017-12-01,3.365064159747535,2.1982473817805435,4.438176590188489
2017-12-02,3.3610969142077565,2.345747815207301,4.454701056668243
2017-12-03,3.3552832562849773,2.271927413714921,4.4532502147138855
2017-12-04,3.368383445126809,2.2787888406840584,4.508029873276404
2017-12-05,3.363426815030158,2.2430261517006627,4.482689543372479
2017-12-06,3.375626336596644,2.330687466484007,4.517275466312829
2017-12-07,3.358078805870869,2.2914365246947392,4.453688952654085
2017-12-08,3.307810561360881,2.2148480317776325,4.361954037869133
2017-12-09,3.294396019757306,2.199589784415325,4.327635380284232
2017-12-10,3.280060473224148,2.199345392794989,4.5208317249371435
2017-12-11,3.285614430623841,2.221457919846966,4.4435059275439155
2017-12-12,3.2731108723304225,2.167254307654236,4.373422852695812
2017-12-13,3.278767926217694,2.179794964778168,4.413090195346479
2017-12-14,3.2556368976725127,2.161157911567084,4.325295181936376
2017-12-15,3.2007313076635815,2.219509960274109,4.304964546436151
2017-12-16,3.183673630278357,2.061638219998633,4.285750558954131
2017-12-17,3.1666325215011417,2.0537662761488393,4.25076251503369
2017-12-18,3.1704126856871913,2.0373177699204557,4.315200745973257
2017-12-19,3.1570043249090967,2.073788528308521,4.2053749383817385
2017-12-20,3.162630177689767,2.1199937012529784,4.25768819918754
2017-12-21,3.1402681413784976,1.9649884764787993,4.2069224147567805
2017-12-22,3.0868987404225114,2.055349036264916,4.263589086781746
2017-12-23,3.072178542158825,1.8939131063173984,4.137967006053623
2017-12-24,3.0582101400286366,1.9846739535437867,4.142296390678916
2017-12-25,3.0657857936771307,2.037147109779281,4.2298902147561686
2017-12-26,3.0568273261762084,1.9930602516010236,4.139228982785389
2017-12-27,3.0675558611823983,1.9231284232269605,4.208865583842618
2017-12-28,3.050867528234582,1.9899293940734386,4.117377287547098
2017-12-29,3.0036980719016846,1.9390628688119922,4.106578895362144
2017-12-30,2.995721932355224,1.9008255747371179,4.131063471877186
2017-12-31,2.988954289767402,1.8330239588804824,4.099203951978361
2018-01-01,3.0041481365736,1.891754461000212,4.150631019466963
2018-01-02,3.003124650624656,1.8294340753356684,4.187382999072472
2018-01-03,3.022066031707173,1.9109542027921314,4.142311694053936
2018-01-04,3.013745052529933,1.899225439386112,4.0612261722838054
2018-01-05,2.9750079083052925,1.8646007611997995,4.094771518595241
2018-01-06,2.9755003603305235,1.8614950854725913,4.117846282191674
2018-01-07,2.9771034886113323,1.903301059262424,4.055509697525456
2018-01-08,3.000486032273797,1.8720512200387027,4.228484277062921
2018-01-09,3.007327195776706,1.9158823740966304,4.149810738584544
2018-01-10,3.0337345896565386,2.014662995911652,4.186804094685133
2018-01-11,3.032329603304549,1.8900555160063188,4.094887002244459
2018-01-12,2.999850365372259,1.8133248831431177,4.1294904204724245
2018-01-13,3.0059066402866543,1.9320218121537802,4.15120260126874
2018-01-14,3.0122507285802693,1.961868721003998,4.0766377201080255
2018-01-15,3.0394862017255395,1.9143480059752982,4.086086465761623
2018-01-16,3.049183901127706,1.9446170131065525,4.2305706877184495
2018-01-17,3.0774253342443605,2.011510673213737,4.184065241567168
2018-01-18,3.0767437825846584,1.976617834792341,4.1275389844785595
2018-01-19,3.0438468335115214,1.8842867037586313,4.141125638834281
2018-01-20,3.0483990369461242,1.9676631218086127,4.167869427660157
2018-01-21,3.0521265217828892,1.9440424173815023,4.246144109069421
2018-01-22,3.0756802837101858,1.970802139041778,4.190087968066531
2018-01-23,3.080643168670273,2.013470675253549,4.220718426583134
2018-01-24,3.103196204780227,2.04057096510303,4.248789604335703
2018-01-25,3.0959126813970217,2.0612620662994967,4.2029524814359664
2018-01-26,3.0555973193389327,1.9521792698220948,4.132739360207303
2018-01-27,3.052093668531149,1.9672045492110195,4.1731891192168495
2018-01-28,3.047219421819022,1.9243173495835562,4.124069742225822
2018-01-29,3.0617813260715394,1.9734256411536768,4.181388320963471
2018-01-30,3.057470396668089,1.9769146812833405,4.158444672996101
2018-01-31,3.0706486914316904,2.032830868990239,4.2315106600760055
2018-02-01,3.0539942034992835,1.890526381652616,4.097097991118361
2018-02-02,3.004454917130214,1.8445421766850285,4.050127534283414
2018-02-03,2.992079654641037,1.8351322996075543,4.140536810202558
2018-02-04,2.978783300866102,1.872759895003205,4.101829369124435
2018-02-05,2.9855130849382303,1.8484206592835781,4.036170109443809
2018-02-06,2.974032321056513,1.8646206111183021,3.9964282275553846
2018-02-07,2.980828465186995,1.9140327042322507,4.116507135968432
2018-02-08,2.9586101894828496,1.8272125588917947,4.01659070944919
2018-02-09,2.9043781841875247,1.8190338390593044,4.031224611099997
2018-02-10,2.88828175808902,1.820375181537196,3.9159846949864363
2018-02-11,2.8722166591181892,1.8095209736850753,3.995885635045634
2018-02-12,2.877145719443161,1.7923694241712809,3.979845145279704
2018-02-13,2.8647743387160163,1.751228931756536,3.910393167776324
2018-02-14,2.871583172686857,1.778743035737901,4.02377714365305
2018-02-15,2.850180776328263,1.630233222565508,3.838451453103723
2018-02-16,2.7974944805490423,1.6903159930562128,3.910101887410043
2018-02-17,2.783655921400694,1.5996375802349019,3.911776590302305
2018-02-18,2.770434387763291,1.6183216886100409,3.926110728026138
2018-02-19,2.7787144326343833,1.6307364849418156,3.8460752171103083
2018-02-20,2.770065299416319,1.6239407569684312,3.942644920116232
2018-02-21,2.7808999782574126,1.6625979543195197,3.9034955530415676
2018-02-22,2.7636846402343958,1.6223846914219155,3.8811528055170883
2018-02-23,2.7152502642963445,1.694196461627923,3.7893395851617453
2018-02-24,2.7057072065015886,1.6096229729182137,3.7594795158335144
2018-02-25,2.6967136215542427,1.5952629278526838,3.833220597835276
2018-02-26,2.709109039036311,1.6297436919670094,3.800908169603338
2018-02-27,2.7043762163728293,1.6238241964830624,3.7782749308292534
2018-02-28,2.718924579768138,1.5347537324130407,3.7915596088540258
2018-03-01,2.70515406187997,1.6062656865617584,3.7880476072026905
2018-03-02,2.659884761452637,1.4872463328957761,3.7676169913850646
2018-03-03,2.6532975894047013,1.5612514552963408,3.6843186543475928
2018-03-04,2.647034647065073,1.473753326004744,3.6372039929016866
2018-03-05,2.661985592428529,1.5680270938390095,3.7840235375830487
2018-03-06,2.6596387849414413,1.6072454890330208,3.809286020396037
2018-03-07,2.676486112694024,1.6294758832620242,3.7442164056784843
2018-03-08,2.664938463915359,1.6094140044772325,3.695307997794552
2018-03-09,2.6218709632976918,1.5331778557981746,3.6488104045781955
2018-03-10,2.6175876278749985,1.5106659494631374,3.6150188761510087
2018-03-11,2.6137520870200093,1.5212446854127435,3.686443189524826
2018-03-12,2.631325625078416,1.5614306443188557,3.7498352966601556
2018-03-13,2.6318070392288004,1.5333637213054074,3.6760369923534357
2018-03-14,2.6517588260850844,1.520645603987959,3.753810071572556
2018-03-15,2.6435748118951805,1.5770399942686861,3.677294601961983
2018-03-16,2.604142024817705,1.475817200991481,3.7103908714042113
2018-03-17,2.6038309201802705,1.4987577197835666,3.7097674979762907
2018-03-18,2.6042584524486854,1.5196917899498776,3.7216085564488255
2018-03-19,2.626380191183285,1.6180502530885537,3.7070041253557227
2018-03-20,2.631621599542036,1.515946782834233,3.7152950709860963
2018-03-21,2.6565285124682743,1.5344552169131467,3.725952471949849
2018-03-22,2.6533899890938293,1.5875547256367188,3.7633865561324336
2018-03-23,2.6190199181059137,1.582320153360459,3.749437437833558
2018-03-24,2.6237758440924797,1.4315109498193437,3.677190955111626
2018-03-25,2.6291572603697584,1.5463068204989185,3.76933968070453
2018-03-26,2.6560544116456852,1.577919202244591,3.737435925772741
2018-03-27,2.6657732659728133,1.5696261990991927,3.7109977718612184
2018-03-28,2.6948121419461746,1.5906202294620952,3.7250991691341135
2018-03-29,2.6953411631899113,1.5013072970038657,3.7489571011505114
2018-03-30,2.6641044516091963,1.5483478292173452,3.788530246527172
2018-03-31,2.671467853170474,1.5724996360733607,3.780273121556393
2018-04-01,2.678852179338342,1.596289657794714,3.7682840082329903
2018-04-02,2.7071378572142666,1.659338548102888,3.747790743447657
2018-04-03,2.717582210062737,1.6160099019497671,3.815789646946742
2018-04-04,2.746720341511256,1.616870924109899,3.782016830554775
2018-04-05,2.7466988475677976,1.673336610397999,3.9007249112308804
2018-04-06,2.7142958697296677,1.6055798498552827,3.948771276305851
2018-04-07,2.7199946901870384,1.7243839766742466,3.8780030702399837
2018-04-08,2.725248681362212,1.6639718161673471,3.866944610196343
2018-04-09,2.7510384512191797,1.6373507691257894,3.9279285684749796
2018-04-10,2.7586780711872594,1.6859948539092302,3.8753060198006954
2018-04-11,2.7848369513062745,1.643480407924828,3.9162377687574796
2018-04-12,2.781724740701417,1.7612295772546236,3.918055566480329
2018-04-13,2.746226465034597,1.6472807192374432,3.7916075055731384
2018-04-14,2.7489995974613555,1.7085374002301654,3.851678666225165
2018-04-15,2.751568781661462,1.6234880497307764,3.811686846762058
2018-04-16,2.775034060463382,1.7266180094411105,3.848489688112444
2018-04-17,2.780765221191137,1.6979217102734465,3.8671765619076175
2018-04-18,2.805544389809187,1.660679850906017,3.915681848885325
2018-04-19,2.801602527589063,1.7127681117503193,3.9710096924696177
2018-04-20,2.7658706264162163,1.7121364432948938,3.91377915399957
2018-04-21,2.7691018248624,1.6635104763599289,3.863180998421138
2018-04-22,2.7727980108288643,1.750356850259127,3.8228786834639643
2018-04-23,2.7980717264557122,1.7321179079894973,3.9631617605527434
2018-04-24,2.8062316033637997,1.6751035732440325,3.9218659915300855
2018-04-25,2.834049060942803,1.7111269744428026,3.913950427485745
2018-04-26,2.833649866288161,1.7401016033809749,3.9015433272553546
2018-04-27,2.801885063765643,1.68213095204299,3.8952937828905383
2018-04-28,2.809481791963312,1.6943898727722957,3.8681133549632234
2018-04-29,2.8178053143141035,1.7247475425236085,3.930714061907781
2018-04-30,2.847877938722148,1.7489843847431437,3.9613107389985593
2018-05-01,2.8608585723661113,1.8004565860083532,3.939278490808406
2018-05-02,2.8934361002555797,1.7986969118406542,3.9538508633429554
2018-05-03,2.8975781576848205,1.8364557051335144,3.9803077628743093
2018-05-04,2.870023340234317,1.8275523661005877,3.939822252670185
2018-05-05,2.881461668637355,1.8045635856085975,4.085054030694174
2018-05-06,2.893132352188711,1.7087515052612479,4.056705984517779
2018-05-07,2.925999372949711,1.8242447922285796,3.9966547477476193
2018-05-08,2.9411241623297246,1.8620100727632376,4.012582515262877
2018-05-09,2.97518404173377,1.9265344842830023,4.096299223285258
2018-05-10,2.9800760154850225,1.8520755228945107,4.173904244973796
2018-05-11,2.9525275598652945,1.9174442480413494,4.0191100676960225
2018-05-12,2.9633036058325266,1.8779590765828666,4.015979787339738
2018-05-13,2.9736365709973436,1.8371269501821312,4.137443547667275
2018-05-14,3.00455491557117,1.9391015852776647,4.069178229024693
2018-05-15,3.0171451327058834,1.921251976026869,4.242785689204602
2018-05-16,3.0481914459225576,1.8868654957810935,4.136021740737238
2018-05-17,3.04963093868838,2.0101780837397105,4.12536651403299
2018-05-18,3.018279476195673,1.9565863037083457,4.217495373757289
2018-05-19,3.0250621068139796,1.97762061922299,4.198046653590636
2018-05-20,3.0312727105735764,1.8801423927397585,4.196040491897016
2018-05-21,3.058053408768817,1.9398187403431963,4.157765076874668
2018-05-22,3.0665443550851244,1.9481118302417715,4.053673221067866
2018-05-23,3.0936438349838524,2.0649353054871606,4.229316933901499
2018-05-24,3.0913145683324417,1.9392737796583144,4.126322794363835
2018-05-25,3.0564253034465723,1.9852379050692377,4.205319332779221
2018-05-26,3.0600058700384194,1.9717759261868957,4.141868312662771
2018-05-27,3.063338338585453,1.9082738000235548,4.156909461547649
2018-05-28,3.0875897869480173,2.035052148315277,4.146391765488381
2018-05-29,3.0938529323276778,2.0436291979140746,4.157072763803576
2018-05-30,3.119030119363443,1.963343869322482,4.195877285519256
2018-05-31,3.114994624164648,1.9476136336349745,4.201775337700661
2018-06-01,3.0785519733210274,1.97321526144413,4.227001118559632
2018-06-02,3.080723799479603,1.9390967286648708,4.213647095064895
2018-06-03,3.082674630281601,2.014051741949345,4.098188161400289
2018-06-04,3.1055019663217025,2.024934666189903,4.2387112329191385
2018-06-05,3.1101714150018456,1.9517445569204352,4.1932497309225365
2018-06-06,3.1335278131955735,2.045541526635792,4.15922794722652
2018-06-07,3.1273142521726585,2.075783357263133,4.223030597114035
2018-06-08,3.0882552178625167,2.0401476359959747,4.197896263622345
2018-06-09,3.0873706428027954,2.0414212618706364,4.204869635286966
2018-06-10,3.0857389566553413,1.9832804817000589,4.25331975390187
2018-06-11,3.1044443088878806,2.0285089664970313,4.150959392307727
2018-06-12,3.1044052261167834,2.0113056549654464,4.228222698480031
2018-06-13,3.1225110905258378,1.965374819218407,4.177658915408545
2018-06-14,3.110496342438843,2.100045097239902,4.233809437085003
2018-06-15,3.065142194074562,1.9121527785071981,4.103045235890428
2018-06-16,3.0576170080314222,1.9050037571811809,4.0647261830716195
2018-06-17,3.049071220396428,1.8504400804385108,4.264915542426822
2018-06-18,3.0607369206746706,1.8856141507274122,4.065915452780166
2018-06-19,3.0536449817977593,1.9529806798329523,4.21579194043389
2018-06-20,3.0648817259846814,2.0061350596779643,4.165841867011393
2018-06-21,3.0463131716140284,1.9776639590009912,4.067857584439112
2018-06-22,2.994900376756933,1.8263959240682839,4.090186607727435
2018-06-23,2.9820615424954076,1.91773482414724,4.120310740917144
2018-06-24,2.9690946945079495,1.874723120257315,4.0036372713957915
2018-06-25,2.9774261281131635,1.8070939624178988,4.174566642245085
2018-06-26,2.9682132598961624,1.8137274830289967,4.122897266196826
2018-06-27,2.9787195711235444,1.9240351040345427,4.096221888235582
2018-06-28,2.9608879079998642,1.871765111917864,4.047823856049173
2018-06-29,2.9117694359472086,1.8345432871638054,4.06578463447687
2018-06-30,2.902908446662691,1.7812144122590996,4.010879923287197
2018-07-01,2.8955947730045595,1.7808732452918163,3.9600140856028427
2018-07-02,2.9112640393781977,1.7895933928566277,4.083428085725554
2018-07-03,2.9109900819951253,1.8109382841389634,4.069125926740997
2018-07-04,2.9319828381168036,1.7762966847210986,3.9795244673307257
2018-07-05,2.9260160787819602,1.8263274805314258,4.02590815457106
2018-07-06,2.889975931080909,1.7581132067711704,3.9839152800858972
2018-07-07,2.89527477290344,1.8304541191891672,3.9728269977985313
2018-07-08,2.902940025479649,1.7365239649411865,3.992941968506433
2018-07-09,2.934172937174315,1.8671462616388577,4.007711544799003
2018-07-10,2.949737201863257,1.8291439025949956,4.095647796705633
2018-07-11,2.9865861420384747,1.8869788869186517,4.086562975866962
2018-07-12,2.9961507622326327,1.8926390750332478,4.093419550724898
2018-07-13,2.975013098902456,1.8710090021767538,4.131383843254769
2018-07-14,2.9943536794489876,1.9805890740347978,4.042631853407265
2018-07-15,3.014880250404178,1.9178779392645349,4.177582804701407
2018-07-16,3.057547621352875,1.9307212879196605,4.191188461891363
2018-07-17,3.082843890487001,1.996086668689804,4.226837984999757
2018-07-18,3.127547155609905,2.0196629916252644,4.230694832624218
2018-07-19,3.1428729208747765,2.0016908765336887,4.137623257829362
2018-07-20,3.1252701111595362,2.0008624561427224,4.2019813626234495
2018-07-21,3.145898774500536,2.0563233404319394,4.270080823296284
2018-07-22,3.1653943369761866,2.0217668871366463,4.264675434703715
2018-07-23,3.2047431094768632,2.1555377706694663,4.270816212012002
2018-07-24,3.224459862316624,2.1674140764840937,4.285705897794677
2018-07-25,3.2614670972130266,2.148582773852797,4.3459924269861565
2018-07-26,3.2670943043277885,2.1562137460901103,4.358877310865164
2018-07-27,3.237988790942125,2.1086780892017085,4.294422938659516
2018-07-28,3.2456156300716468,2.1291562119963947,4.29980317926225
2018-07-29,3.2508495038304255,2.2020233786562464,4.332965498726966
2018-07-30,3.274998200307592,2.2120188461614214,4.359968650155566
2018-07-31,3.2788643312607886,2.1949112678330662,4.363859770587157
2018-08-01,3.2997406165157237,2.254918140348158,4.501402901402413
2018-08-02,3.2892552749764405,2.224665929907983,4.448597711067114
2018-08-03,3.2443929376195086,2.159255348247775,4.454727739012829
2018-08-04,3.2370132278361767,2.1738004212771562,4.34425358699111
2018-08-05,3.2282677949337955,2.0634129776206165,4.261429964280624
2018-08-06,3.2397706880127335,2.1766501204790782,4.384345662333995
2018-08-07,3.232544424500474,2.1742500652018157,4.274517660062963
2018-08-08,3.2441328166008367,2.0888898850200026,4.221299504436904
2018-08-09,3.22629531395384,2.0555627558186935,4.382622754785584
2018-08-10,3.176142038791196,2.1285868455636403,4.233504413907312
2018-08-11,3.1656761557181463,2.0085750789638834,4.26017461737994
2018-08-12,3.156042242823019,2.0950626997643305,4.187165377981579
2018-08-13,3.168850523213669,2.0941835539182336,4.275260296304693
2018-08-14,3.165014919341328,2.054349678251978,4.217705980154125
2018-08-15,3.1819915142288937,2.072103149395973,4.2730026259545095
2018-08-16,3.1713301874005824,2.089853773735066,4.304396969603129
2018-08-17,3.1299321469974064,1.9837738692407068,4.227686272609168
2018-08-18,3.1296242802216447,2.0536791123991773,4.160676475470006
2018-08-19,3.1312466576943483,2.0361760816807113,4.269018021942948
2018-08-20,3.1561378211436835,2.057856312300413,4.189993659680503
2018-08-21,3.1648712391471747,2.031474230990938,4.223945215717544
2018-08-22,3.194624871019527,2.039666296131132,4.319995797125989
2018-08-23,3.1965944765151253,2.1000751866411864,4.347600922111505
2018-08-24,3.1673768273968883,1.999177096974796,4.300314661034201
2018-08-25,3.17857794434424,2.0509790353798856,4.329422965508724
2018-08-26,3.190740319013125,2.0788317190309025,4.242851624244889
2018-08-27,3.224988511539877,2.0627728726781727,4.317796357032849
2018-08-28,3.2416619565176745,2.188566255976038,4.466883558382692
2018-08-29,3.2778123353139352,2.171101269099514,4.355332924740605
2018-08-30,3.284474109793883,2.1013409562674727,4.333944220238707
2018-08-31,3.2581679439481954,2.1441396124599326,4.454687226324538
2018-09-01,3.2705364772636525,2.1953318831195716,4.311294884225781
2018-09-02,3.2821042129962263,2.209535216306822,4.342548970341839
2018-09-03,3.314075863710262,2.189943602985167,4.435414224203441
2018-09-04,3.3268576391580513,2.1365714623603176,4.37525515002425
2018-09-05,3.357674462327037,2.199028783059044,4.522908922785644
2018-09-06,3.3576898901696413,2.349077411931673,4.429809033263777
2018-09-07,3.323622222304925,2.2582618594225505,4.509622810694054
2018-09-08,3.327400823599206,2.1606623670722893,4.458461175466868
2018-09-09,3.3297523990570013,2.246296939140977,4.483844850717959
2018-09-10,3.352146682002347,2.2359073241410807,4.425029892594003
2018-09-11,3.3552018105782766,2.191299079524777,4.469104532430107
2018-09-12,3.3764181186769378,2.3533464595870983,4.546316217838726
2018-09-13,3.3671453724346314,2.26526844842038,4.493931298546756
2018-09-14,3.324310750768009,2.198313231559654,4.439431460644996
2018-09-15,3.3200961579987256,2.217716831414835,4.331862821343894
2018-09-16,3.3153525658560388,2.2200841310863404,4.428738922932874
2018-09-17,3.331695907292941,2.2841204801549124,4.492627724833985
2018-09-18,3.3298004992020185,2.2645846342466895,4.514578089904176
2018-09-19,3.3472543432003694,2.29660308801557,4.496863554897744
2018-09-20,3.3353794470366394,2.2812662760677007,4.382785950601281
2018-09-21,3.291078115176096,2.1875701109079904,4.413802965020926
2018-09-22,3.2865381763870785,2.2371211953148036,4.3525035417284705
2018-09-23,3.282482609948659,2.237241979084715,4.39353960854784
2018-09-24,3.3004229530921956,2.2310608542686716,4.441212563137068
2018-09-25,3.300847966348794,2.2140614989459704,4.44267895474867
2018-09-26,3.3212073309336327,2.278959145776993,4.334831241157319
2018-09-27,3.3125914438347808,2.245600525156088,4.4776725124614645
2018-09-28,3.2717017358402996,2.203338680002441,4.311746180302484
2018-09-29,3.2705887062877883,2.1682897579549194,4.4462813749176195
2018-09-30,3.2697407703546815,2.2466349507268695,4.381715994432923
2018-10-01,3.290498058669644,2.2168437687303646,4.418583750082723
2018-10-02,3.2931380722724386,2.145581315798505,4.3582372761270145
2018-10-03,3.3149883503917494,2.1214111244567504,4.419541437982342
2018-10-04,3.3069651307424843,2.162621350590227,4.4374126111747705
2018-10-05,3.265665927761712,2.1700774708480606,4.341249841110221
2018-10-06,3.263137503747824,2.1280315688451785,4.367457531228263
2018-10-07,3.2598000481370564,2.174178806718097,4.302407917538802
2018-10-08,3.277016574515415,2.1472376895977456,4.322558834482548
2018-10-09,3.275070001559625,2.161522523202177,4.416337583766168
2018-10-10,3.2913986157448063,2.193196704005624,4.410187467556444
2018-10-11,3.2769869823533373,2.20035462859489,4.377878777670608
2018-10-12,3.2285739140846417,2.0991196698035717,4.3712530211780996
2018-10-13,3.218443442890782,2.1012095447660557,4.353291039936405
2018-10-14,3.2071775196950267,2.163200782145091,4.294255905351336
2018-10-15,3.2163745067304013,2.0877482158892438,4.320724204220676
2018-10-16,3.2065116674486247,2.1520801091326023,4.300069392106995
2018-10-17,3.215298053325663,2.1161577394250117,4.331750877347015
2018-10-18,3.1939130832849782,2.0126330237190215,4.263672366132734
2018-10-19,3.1393262287717403,2.0766510114590253,4.19121141703411
2018-10-20,3.1241083150167266,2.0726547145605574,4.196613755384038
2018-10-21,3.10901113888206,2.0549929855418863,4.190907952425791
2018-10-22,3.115834559977189,1.9864202120483765,4.196803277325225
2018-10-23,3.105175015325272,2.0360426985322597,4.16453039014884
2018-10-24,3.1148975348548666,1.991870704974857,4.2314809064056
2018-10-25,3.0962247299060555,2.013829061837378,4.200802940867008
2018-10-26,3.0461718913617863,1.9058801857258443,4.127075583024665
2018-10-27,3.0373831677418552,1.8871274029342904,4.112135441233733
2018-10-28,3.0305433724598028,1.9300527561188305,4.210166314276442
2018-10-29,3.0473995238360967,1.8992649939009363,4.167549067058224
2018-10-30,3.0484016545015145,2.005508967174285,4.0922104511850375
2018-10-31,3.0713004769904595,1.9172371631121499,4.208417372572977
2018-11-01,3.067093381034541,1.9687018230697644,4.2063231449598355
2018-11-02,3.03258144964538,1.93856962928546,4.164193911064898
2018-11-03,3.0402367558099734,1.9487255536359993,4.075996068550738
2018-11-04,3.0504521787753696,2.0002873363064664,4.229391683074092
2018-11-05,3.0847226449173903,1.9000547293316354,4.2048299792595465
2018-11-06,3.1031827879462015,1.9335271874205777,4.1938297146830354
2018-11-07,3.1433340170718,2.0030162818814716,4.236783456359549
2018-11-08,3.1558503874042607,2.0264535990423576,4.187276388726741
2018-11-09,3.1372594506995592,1.908613670579579,4.197613205257071
2018-11-10,3.1598416065954034,2.107966177018874,4.214113106965596
2018-11-11,3.1837178767099297,2.1396266951845093,4.343248532988729
2018-11-12,3.230189828076944,2.1721824373025207,4.34079601356637
2018-11-13,3.259172144319759,2.2198198871600483,4.345667110118921
2018-11-14,3.3080463042569317,2.234002205082604,4.490203524762102
2018-11-15,3.3273227715896154,2.1821565042684687,4.492231032312562
2018-11-16,3.3134414738486786,2.199882055297358,4.4497908557285175
2018-11-17,3.338698473174167,2.2778486703959557,4.455303206071568
2018-11-18,3.3631665701048767,2.2166325580725603,4.4734454103025225
2018-11-19,3.4081885310490407,2.310609886003895,4.52617046591655
2018-11-20,3.433699087383991,2.311729055081117,4.472395046441967
2018-11-21,3.4771997818845404,2.361636200550795,4.584370365828099
2018-11-22,3.489272215444648,2.353289907991609,4.536029303208001
2018-11-23,3.4664932034867006,2.3604176384645745,4.547801245213496
2018-11-24,3.48138424592681,2.3738762029608944,4.584609179565553
2018-11-25,3.494160974219357,2.391427938270316,4.680641203415043
2018-11-26,3.526376316021625,2.3022780382078887,4.6305037568715
2018-11-27,3.538129240792595,2.433174621830633,4.639574635895229
2018-11-28,3.567158822651915,2.4301725369978313,4.656685382112809
2018-11-29,3.5642073454876573,2.399196775395602,4.616114722143737
2018-11-30,3.5260496916682795,2.4232570048171875,4.692669142788126
2018-12-01,3.5254658988963605,2.3986782967435496,4.606955554765841
2018-12-02,3.522820430290012,2.442150771573578,4.569135695213036
2018-12-03,3.5398568889284134,2.3780523110679685,4.6079923193342704
2018-12-04,3.5367956802728,2.4736512875211125,4.659690472539415
2018-12-05,3.5515499307482727,2.445157105498482,4.6770871914137695
2018-12-06,3.534941460495132,2.424473943664088,4.578422795350521
2018-12-07,3.4838476775315,2.3750316243985456,4.592308732581542
2018-12-08,3.471200648838133,2.3299194229378712,4.605965247484691
2018-12-09,3.4573996651229684,2.3571994653169117,4.6377018669689125
2018-12-10,3.4642609145075824,2.3617186206470877,4.572315600055537
2018-12-11,3.4520073083426386,2.3795385719414885,4.571479532698002
2018-12-12,3.458609248419313,2.3384332137630754,4.5037263449505165
2018-12-13,3.4348561275079605,2.332697298038204,4.512522283010098
2018-12-14,3.37762299129614,2.272253258093192,4.5752422800428585
2018-12-15,3.3598979388186887,2.36220921293288,4.5084088384559005
2018-12-16,3.342029317229189,2.2432896558708983,4.491986008290366
2018-12-17,3.3458311949318453,2.2262465885136393,4.510956324830496
2018-12-18,3.331465698212792,2.284852528582584,4.447635671187838
2018-12-19,3.3369085005499235,2.2323380768919776,4.41464953983899
2018-12-20,3.312875285104234,2.1383684794530375,4.400749050906173
2018-12-21,3.2562072180735835,2.1671026497426324,4.373707777568638
2018-12-22,3.2399253925068794,2.0956243637672376,4.321948409657783
2018-12-23,3.224311108206105,2.087739039891902,4.322149661682053
2018-12-24,3.2311654183415377,2.1900452186233466,4.305659119082838
2018-12-25,3.2205821519765587,2.119868043707345,4.261806678242186
2018-12-26,3.230536285098943,2.066385331827448,4.389884639518667
2018-12-27,3.211663591183466,2.1950337726140403,4.35259343341647
2018-12-28,3.1607632961447716,2.1349978252125696,4.256035116194488
2018-12-29,3.150878150309936,2.0213150344787785,4.285223228605017
2018-12-30,3.142206653923036,1.936463886667163,4.295313079909636
2018-12-31,3.1565158630603616,2.023183467100811,4.260339641661773
2019-01-01,3.153804645753345,2.09126789716822,4.297592776266731
2019-01-02,3.1720148666037367,2.054406889069046,4.266926796421942
2019-01-03,3.1616645487354265,1.9582073833039277,4.211882735145245
2019-01-04,3.1194684172660665,2.0341519433439483,4.204150297071297
2019-01-05,3.11844466728558,1.9432261392878298,4.294823826536532
2019-01-06,3.1186605270728336,1.9763118026493856,4.3346638191782345
2019-01-07,3.141799990315302,1.9914214052215882,4.196868457457552
2019-01-08,3.1477191873936308,2.0333906069689616,4.268082018508428
2019-01-09,3.170737549741521,2.084451791216912,4.251047720890678
2019-01-10,3.1647674856093055,2.0945491503126603,4.300768819608599
2019-01-11,3.126516173406272,2.093463212156256,4.227794599226569
2019-01-12,3.128737807366299,2.041634634830422,4.251828722735948
2019-01-13,3.131445430409585,2.034253429624186,4.243476727913311
2019-01-14,3.156095806687196,1.983076540795729,4.134061100647627
2019-01-15,3.1626592874471386,2.093666897876309,4.372292781062714
2019-01-16,3.188677199184893,2.018425716648673,4.296826875200213
2019-01-17,3.1848347127028562,2.035159991097705,4.323550101137942
2019-01-18,3.147816123462491,2.055826108380181,4.233910237002775
2019-01-19,3.1498405055477297,2.056686264222313,4.218749421811082
2019-01-20,3.1511880300654753,2.0681185718031823,4.182666469336396
2019-01-21,3.173174286963254,2.1016586228446066,4.182900207089584
2019-01-22,3.1760769892437226,2.1077070726873774,4.2156189958004315
2019-01-23,3.1972233112633384,2.1145289027415872,4.3213105082946655
2019-01-24,3.1877102130872044,2.054487898924571,4.242064734143482
2019-01-25,3.144331127459732,2.0138913666669285,4.237876217861635
2019-01-26,3.1389014716720833,2.052468019480627,4.232469550517294
2019-01-27,3.1320963455464277,2.0256924881506855,4.304107258913455
2019-01-28,3.1452112018470624,2.112542487663016,4.299040969143934
2019-01-29,3.138942384616474,2.1176487487874254,4.261251467465557
2019-01-30,3.1505015995353016,2.010822373971883,4.338461056258357
2019-01-31,3.131481147020997,2.0765254054793814,4.275494562570929
2019-02-01,3.078849819189056,2.0763469838067885,4.166057482348399
2019-02-02,3.0640664918307237,1.9367192673403004,4.12030555421027
2019-02-03,3.0482279002120465,1.9746597275821038,4.126013695978961
2019-02-04,3.052614875976956,1.9377898522876422,4.31888808689315
2019-02-05,3.038326485794304,1.9581544132601019,4.1778573097136
2019-02-06,3.0424219608847127,1.9280725119609858,4.263540546195194
2019-02-07,3.016931723004617,1.8956285485116326,4.092994843579858
2019-02-08,2.958923912203594,1.8666777978337779,4.069010909523518
2019-02-09,2.939407980016374,1.7381378196419814,4.1479993699355635
2019-02-10,2.91979491314831,1.8440096063450457,4.003749363221558
2019-02-11,2.9212317910632675,1.7209202660169844,4.069291444615036
2019-02-12,2.9050925867931516,1.8141690048452839,3.9416056833144437
2019-02-13,2.9081508393167574,1.8302059153360093,3.992714872156446
2019-02-14,2.882739885297952,1.7574556248895794,4.006522179337394
2019-02-15,2.8258934629885926,1.744782935249088,3.9019155543783643
2019-02-16,2.8080426865892645,1.7427064000227586,3.9423972936631486
2019-02-17,2.7907919362844082,1.5143478180419059,3.979000952901617
2019-02-18,2.795044702045788,1.6978853474339537,3.8277177620269276
2019-02-19,2.7823536751831797,1.6993817704990657,3.9135242225457474
2019-02-20,2.7891263811311604,1.6651913139451096,3.878651161539752
2019-02-21,2.767936361594531,1.700206192489914,3.948010624373039
2019-02-22,2.715739078523331,1.6110548083579677,3.821060048880553
2019-02-23,2.702362940530383,1.695150171495382,3.731330792868441
2019-02-24,2.6896009612906413,1.5470753268830335,3.768919024466292
2019-02-25,2.698127423830517,1.6350193614959048,3.7193909715291964
2019-02-26,2.6897062473968365,1.6304149146592821,3.7674524178432494
2019-02-27,2.700428049958362,1.5662446246415138,3.7538985102640976
2019-02-28,2.6831702845409438,1.6074106304582614,3.7621272281880778
2019-03-01,2.634886045084826,1.5174884871301915,3.723618249956789
2019-03-02,2.624886420180662,1.4187970801143432,3.642272528267573
2019-03-03,2.615244953540061,1.5790946493825548,3.7540802818295758
2019-03-04,2.626502012903715,1.5521836689408188,3.7879258669135076
2019-03-05,2.62072826294552,1.4130909036280457,3.7596645917191434
2019-03-06,2.6337900321976995,1.5613557986234181,3.726171669720641
2019-03-07,2.6189554179673715,1.573584700130563,3.7198565720982706
2019-03-08,2.5732532392042335,1.43300528746092,3.67652999579602
2019-03-09,2.5655442770643995,1.4513949530166772,3.6460799480128308
2019-03-10,2.5582364850315416,1.387829866865272,3.6148409792380365
2019-03-11,2.5717754595764992,1.5613747237531688,3.6613026834833664
2019-03-12,2.5685619131960378,1.4504465615451403,3.713631297798259
2019-03-13,2.5842447687288943,1.4469120307741619,3.686339778838303
2019-03-14,2.572473200110285,1.5222594555316384,3.711982757338383
2019-03-15,2.5303262422828143,1.4178130399660116,3.634310769365314
2019-03-16,2.526173953000081,1.369229703707983,3.621168947935788
2019-03-17,2.522704896697571,1.3989779225904329,3.669878545978986
2019-03-18,2.5402046807632814,1.4462561605235535,3.6320959512421127
2019-03-19,2.541329768735421,1.3764068528455824,3.646923678544916
2019-03-20,2.5614309428817568,1.464341131537054,3.6529902582138045
2019-03-21,2.5544541378133987,1.4283739344213024,3.6423630227729324
2019-03-22,2.517443689142923,1.4742700674901252,3.618343440985904
2019-03-23,2.518196427511526,1.3665953330223286,3.5790262431318376
2019-03-24,2.519604380075963,1.348152581762405,3.6139552723265504
2019-03-25,2.5417241547562583,1.4456748098385426,3.583562319935728
2019-03-26,2.5474096249892946,1.4548924890042156,3.568684559760868
2019-03-27,2.5716679592492464,1.4786786041968911,3.6422091487083827
2019-03-28,2.5687110419827923,1.3793210310919433,3.770620691977718
2019-03-29,2.5355336922562612,1.3901832123278524,3.666641396623281
2019-03-30,2.539361513373422,1.420177847748012,3.5600570632166075
2019-03-31,2.54330909857703,1.4148296567462457,3.6877388444034036
2019-04-01,2.5672400009113696,1.466049716429004,3.649952250650307
2019-04-02,2.57425748313289,1.5212181043488735,3.686835151650813
2019-04-03,2.599091785677003,1.4602056811244968,3.7859731634343
2019-04-04,2.596300322653386,1.5764202555775675,3.7022487329497036
2019-04-05,2.5629186280306366,1.471972890241137,3.693919956395477
2019-04-06,2.565699355423943,1.487443874115489,3.7780453906393427
2019-04-07,2.5680830984597836,1.4167010866963108,3.6974811225133593
2019-04-08,2.5898458606177006,1.3681182148791675,3.6593854000921406
2019-04-09,2.594444683163699,1.4584002108913192,3.6817130022559312
2019-04-10,2.6164329611483477,1.5786141756087202,3.7084235076517107
2019-04-11,2.610806319602763,1.5019809365520889,3.6737510529098394
2019-04-12,2.5747233843712825,1.4155901846833245,3.6498905352302575
2019-04-13,2.574533312154062,1.4952314049711084,3.736893311554821
2019-04-14,2.5740569713687362,1.432133145619161,3.706981611704355
2019-04-15,2.5930200955083444,1.5017840950998356,3.680645975258149
2019-04-16,2.5952524692210424,1.5475221902063026,3.69333529820708
2019-04-17,2.615130512983975,1.5333309651880866,3.7184182076515118
2019-04-18,2.608068628240929,1.4462051226919432,3.63267310000892
2019-04-19,2.571310160012033,1.4533884861958315,3.6265122902210707
2019-04-20,2.5707443953292053,1.497332896798093,3.632477626407073
2019-04-21,2.570499588819265,1.5816119505027317,3.721342650620366
2019-04-22,2.5901637881378137,1.4739774492228745,3.7889141822620753
2019-04-23,2.5938400136751802,1.4945978207203925,3.6718434255217485
2019-04-24,2.6156189229457087,1.5515210270339692,3.766404515719942
2019-04-25,2.6112187280602495,1.5596496814326548,3.6737950760660936
2019-04-26,2.5778496533158473,1.534514915654087,3.6744244384821974
2019-04-27,2.5808238059272535,1.6427986835065997,3.714567400021187
2019-04-28,2.584463448288354,1.4283700734733393,3.6508004705099766
2019-04-29,2.6081127924028826,1.521677254277772,3.6581987629381647
2019-04-30,2.6160522647517435,1.5132892959056083,3.631369119482008
2019-05-01,2.642004042000887,1.5113581630002955,3.802576033317792
2019-05-02,2.641922946671389,1.4811469238842674,3.7230659192777846
2019-05-03,2.6129363454191554,1.5551977366713186,3.6990200557851316
2019-05-04,2.619748316952671,1.524500262688773,3.7491285123659237
2019-05-05,2.626864030029524,1.5026633529623747,3.792316669442113
2019-05-06,2.653392772217104,1.512397245170479,3.7425601832797004
2019-05-07,2.663820961702651,1.5642220728202494,3.7861948840170485
2019-05-08,2.691549621172811,1.6595936046099384,3.735532731300382
2019-05-09,2.692834750520218,1.5692409433099015,3.75034322058622
2019-05-10,2.664800641115953,1.6333951880978903,3.809630713918304
2019-05-11,2.6716358534477194,1.5632389340256923,3.712856515139435
2019-05-12,2.6781308259101086,1.5251491607368897,3.8831419370917435
2019-05-13,2.70326896306768,1.6557492262068854,3.823201344198362
2019-05-14,2.7118550169593094,1.656026977695046,3.769174668532418
2019-05-15,2.737081023101855,1.6221962502349083,3.795430354773842
2019-05-16,2.7356126832093186,1.6310381179851128,3.9023815959290613
2019-05-17,2.7046727453961146,1.586616867413088,3.8211983199228974
2019-05-18,2.708025663384046,1.652431686047697,3.857259381470248
2019-05-19,2.7108256285505905,1.5072765754475543,3.710237508498851
2019-05-20,2.7319933201655178,1.6582540576012321,3.953733083389325
2019-05-21,2.736697745929156,1.6549656355667448,3.790377541692007
2019-05-22,2.75794927987473,1.6543991769252575,3.8454092376281572
2019-05-23,2.7528312904420815,1.715652112969236,3.8759718802183434
2019-05-24,2.7186534463721674,1.531588906468467,3.8988044931687718
2019-05-25,2.7187255493489397,1.6975549777811545,3.7203931320883963
2019-05-26,2.7185171027874886,1.6228163474084343,3.895597409138038
2019-05-27,2.7368214287125943,1.6159527965437572,3.7858032244248854
2019-05-28,2.7390932142351083,1.6168140719952873,3.7908710304856124
2019-05-29,2.7580713735262785,1.6017585472021707,3.867538456786123
2019-05-30,2.7511590378558,1.5941208214659006,3.817746580492941
2019-05-31,2.715650201297896,1.5947439459256634,3.7931152567933513
2019-06-01,2.714296334918802,1.5628103837714433,3.7532668656589965
2019-06-02,2.7127811807955275,1.5695344398985438,3.838956390599931
2019-06-03,2.729675888168598,1.6426712524801976,3.874547364895622
2019-06-04,2.730635765705537,1.6407612784627372,3.8748003417166337
2019-06-05,2.7480562011307335,1.6139812308921648,3.863201118802027
2019-06-06,2.7396038731160353,1.6313169165179788,3.8276560685985133
2019-06-07,2.702519127140414,1.602019689156225,3.867353198343408
2019-06-08,2.6989772072975047,1.6072412852296256,3.838523531236524
2019-06-09,2.694879489945139,1.6424889140152699,3.8581087855821408
2019-06-10,2.708600181954262,1.626892397026774,3.811545941471267
2019-06-11,2.7060421200307703,1.5988283432873909,3.8347741412603082
2019-06-12,2.719324878755824,1.6213062694697273,3.7930904510086583
2019-06-13,2.7064656371574416,1.4653293591502965,3.7464841955152544
2019-06-14,2.6647550536988343,1.4625929747317197,3.7855286852435746
2019-06-15,2.655910275644869,1.5856734538575572,3.7563989042359136
2019-06-16,2.6461792374772606,1.523784250982612,3.7328703374685444
2019-06-17,2.653875103259348,1.5442242796351013,3.7694250988776434
2019-06-18,2.64528695859608,1.5682636810158253,3.775090624556019
2019-06-19,2.6523957349277953,1.5642206485172847,3.7808910839744816
2019-06-20,2.633700268276878,1.4852613118670932,3.697871807053422
2019-06-21,2.5866622529400765,1.54215339804328,3.621628616743648
2019-06-22,2.572646783711289,1.4622568771967637,3.5832949635429494
2019-06-23,2.5583357810179588,1.4542786131844452,3.5049750651138134
2019-06-24,2.5620466703600955,1.4075766058263857,3.6988324076094306
2019-06-25,2.5504950048896373,1.4380487616625663,3.6523172625053877
2019-06-26,2.5555358891670754,1.4671778134502547,3.5726538339756364
2019-06-27,2.536133641795149,1.4690106733768509,3.6199372532290046
2019-06-28,2.489875031695825,1.4786763294781775,3.4967720154833435
2019-06-29,2.4776973911742943,1.3580213500994696,3.6168025959949555
2019-06-30,2.466612058519583,1.3398213282072864,3.5977480558011465
2019-07-01,2.4748090325379106,1.3980572889949472,3.5085521367414194
2019-07-02,2.4692740812161724,1.3513909012254302,3.6574704439333137
2019-07-03,2.481558984185012,1.4288333085986085,3.504543169333684
2019-07-04,2.470898805944231,1.3996567815060128,3.5866561262496575
2019-07-05,2.4347980117844665,1.3161193134244515,3.5074784697639654
2019-07-06,2.433551223665318,1.3440605228872913,3.4728760271738612
2019-07-07,2.4342820964254046,1.345264478961737,3.5131646840903374
2019-07-08,2.4548395651503783,1.3358457357469982,3.499956537798333
2019-07-09,2.462275108718412,1.351498806204704,3.5708536979935004
2019-07-10,2.4876473764416343,1.4133600813207816,3.6135629793323343
2019-07-11,2.490292380083396,1.4101669495837055,3.5873117279477507
2019-07-12,2.4674873911441213,1.3845721518194076,3.5126806474083776
2019-07-13,2.4787686945503427,1.3859482963402574,3.5768060440019727
2019-07-14,2.491289579471569,1.386958684794628,3.5004534168668133
2019-07-15,2.522511075897376,1.3886911122276027,3.5981520938292433
2019-07-16,2.5395413941004454,1.4466140368763794,3.701944320628754
2019-07-17,2.57297601306524,1.4257017991493472,3.607701295211072
2019-07-18,2.582320882146638,1.4548366196609641,3.811120405663436
2019-07-19,2.564733186675258,1.3444861653811848,3.6530763350029525
2019-07-20,2.5791341923219786,1.5127202420598056,3.626621684221394
2019-07-21,2.592883486019867,1.4639905443722767,3.70005043924849
2019-07-22,2.62326044279132,1.5718500371431374,3.65117190543095
2019-07-23,2.6376612753022806,1.5804259775400287,3.7697738424434566
2019-07-24,2.6664693214993966,1.4786959320485094,3.7650472274423956
2019-07-25,2.669625426393007,1.590983631010234,3.7815363271824554
2019-07-26,2.644439325679828,1.6267783891849061,3.7205630354827206
2019-07-27,2.649491068332537,1.5669348852290084,3.7743534378149404
2019-07-28,2.652614899951001,1.5576151130712403,3.7138298608077083
2019-07-29,2.671164927672797,1.5660004164253665,3.7610211545901047
2019-07-30,2.6730634931299107,1.6709658564376113,3.712895892142152
2019-07-31,2.6886957826845115,1.614868373279237,3.833205211053393
2019-08-01,2.6786220775741447,1.588846680441364,3.742616755959041
2019-08-02,2.640455149349591,1.3763052328227432,3.712014093542344
2019-08-03,2.6325464828575145,1.5046306420508502,3.749747432175131
2019-08-04,2.6232769540729928,1.5871970135467175,3.7211349992775236
2019-08-05,2.630104852446862,1.4594603079575472,3.691380522937737
2019-08-06,2.6214647950654193,1.4238355340412403,3.758220273347163
2019-08-07,2.6276869591545986,1.4884582687929633,3.743823376195138
2019-08-08,2.6098525771134318,1.4026022760591712,3.6915212553354797
2019-08-09,2.565739763771515,1.4335321907120817,3.6486113723368874
2019-08-10,2.553297942330484,1.3766179130624105,3.698661965319689
2019-08-11,2.5412496149455777,1.4000157198099508,3.6626201275081782
2019-08-12,2.546925825954261,1.40623422374878,3.664332131314714
2019-08-13,2.539021354619046,1.4628155648332357,3.6208665979858274
2019-08-14,2.5475448127468208,1.5041062786786958,3.6234157939155867
2019-08-15,2.5338239712064006,1.439154702148553,3.631678530151296
2019-08-16,2.4955267787056434,1.3688098714916839,3.636188367817772
2019-08-17,2.489930748499954,1.3949068215852558,3.663367688188542
2019-08-18,2.485842402976741,1.4788587352567848,3.623533203085493
2019-08-19,2.5002264128141887,1.3955814167253253,3.5876638124308897
2019-08-20,2.5018227970405458,1.4014423555593083,3.6075611931441105
2019-08-21,2.5201329618949004,1.3749781947811666,3.5968945912047006
2019-08-22,2.516579153756422,1.426145519937545,3.6733902097591096
2019-08-23,2.4886040756881567,1.251690514016865,3.5673375629589015
2019-08-24,2.49273766892371,1.4765073727263816,3.609875597745259
2019-08-25,2.497835635770824,1.3972780723119265,3.5250256076848148
2019-08-26,2.52050259941423,1.4332210653115816,3.595387391381197
2019-08-27,2.5295705947436606,1.440104936732529,3.654848177783661
2019-08-28,2.554119297175035,1.4990720065731846,3.5699838837910725
2019-08-29,2.555786869853748,1.4813314503898742,3.698365098620212
2019-08-30,2.531944544627897,1.4988206198124385,3.6385960243749413
2019-08-31,2.53855636694481,1.4038444680793605,3.6274601561927766
2019-09-01,2.544731691459761,1.4566544880685957,3.58206662408191
2019-09-02,2.566936723571911,1.4798967339790272,3.606027619468105
2019-09-03,2.5743282830442147,1.4355836704316127,3.5847625381320682
2019-09-04,2.595801988994379,1.4929808649615623,3.720750838904686
2019-09-05,2.5934482195984514,1.5010658462881765,3.7757549641304027
2019-09-06,2.564795495557116,1.490442800040862,3.6405791693223057
2019-09-07,2.565457309592153,1.5592718195515163,3.6617467528068954
2019-09-08,2.5649931534201347,1.3900353830010124,3.6928673041136406
2019-09-09,2.57990357844418,1.5241118067237471,3.658296900031239
2019-09-10,2.579815072831199,1.4011282070686675,3.6345109122102053
2019-09-11,2.5935528510022037,1.4879282850940887,3.6326547651754018
2019-09-12,2.58373946348432,1.4766921985469803,3.723727694611143
2019-09-13,2.5481054666876215,1.43956816617663,3.7144428938644425
2019-09-14,2.54192279765218,1.4204559306400792,3.635554584221338
2019-09-15,2.535174773736119,1.4132519184194996,3.675004069766792
2019-09-16,2.5443360716630643,1.4000059582498445,3.603926881075093
2019-09-17,2.5394110263884055,1.4062610975268546,3.7868338742667915
2019-09-18,2.549034169499963,1.5019557165387776,3.6744249343754176
2019-09-19,2.5362153745169156,1.4894887955702958,3.7243094473486806
2019-09-20,2.49872232461392,1.4352987769894718,3.6460836468524214
2019-09-21,2.491305439992159,1.3777493624925528,3.5591109895714332
2019-09-22,2.484182210440597,1.427554968428856,3.5599346546886257
2019-09-23,2.4936076544097245,1.422797774916423,3.633827666433183
2019-09-24,2.4897716474738782,1.4274405454914005,3.5528553957907247
2019-09-25,2.500932708403573,1.3706477130240637,3.5104681313636985
2019-09-26,2.490314918897423,1.406416372333058,3.570265190121042
2019-09-27,2.4555670262884686,1.364230864370591,3.516007270244337
2019-09-28,2.4507832288296143,1.3719942917057095,3.4760877565381265
2019-09-29,2.446305500717263,1.3905350671265557,3.6005234934759587
2019-09-30,2.4580874499527288,1.3377840256763478,3.4757509661276837
2019-10-01,2.4564527804802534,1.2761153703219585,3.591796893696949
2019-10-02,2.4692635645826018,1.3106938352548538,3.515491835765021
2019-10-03,2.4607629661728585,1.2311984986120612,3.559524216788089
2019-10-04,2.427709671417689,1.245772806580832,3.5496295477310507
2019-10-05,2.4236416312120372,1.32369301110894,3.6109942353251294
2019-10-06,2.4191147097383143,1.3410572659455524,3.4483970642893182
2019-10-07,2.4299300157067396,1.351564548273846,3.5038124978464174
2019-10-08,2.4266473454320834,1.2514173604988206,3.5824753382117023
2019-10-09,2.4369424886000663,1.2848229432114466,3.5869196607271356
2019-10-10,2.4245824410377375,1.281363863241374,3.531557159008118
2019-10-11,2.3872133371171618,1.3222182581988395,3.49964638991754
2019-10-12,2.378091136386433,1.2510818146333402,3.440901561875483
2019-10-13,2.368107230304107,1.3028730493147502,3.5097176741358966
2019-10-14,2.3730908867361213,1.2701897830858357,3.467825742441315
2019-10-15,2.3639705661085113,1.311612472453763,3.509166942871503
2019-10-16,2.3683890867625688,1.3075083381165131,3.426943513870698
2019-10-17,2.3505478330887053,1.2484969835931807,3.381172234814976
2019-10-18,2.308284342933066,1.2174155367176724,3.416811367502399
2019-10-19,2.2946395704655784,1.18781320084329,3.4089763937035107
2019-10-20,2.2808780957090695,1.2053628601653208,3.3101810699406125
2019-10-21,2.282864535532131,1.2176009188462786,3.2994456373900363
2019-10-22,2.2718724040150686,1.1715792920100112,3.2768387786954203
2019-10-23,2.275457628526346,1.1585731889165587,3.3344347640637313
2019-10-24,2.258173044237713,1.125625373610097,3.2675135478703536
2019-10-25,2.217937685936047,1.0958700377475332,3.350310137524309
2019-10-26,2.2074433734231564,1.1374631915452982,3.2757782844124925
2019-10-27,2.198172887472129,1.0936692817016285,3.38904699426342
2019-10-28,2.20585423308157,1.1031861795951328,3.266267329127634
2019-10-29,2.2019213439001772,1.1462100476629657,3.3539989541241253
2019-10-30,2.21365054517298,1.0364196973339093,3.319401264942205
2019-10-31,2.2057501029434423,1.1322031030130852,3.368162431644779
2019-11-01,2.176026033690101,1.0486326893758584,3.377168014002691
2019-11-02,2.176632744364476,1.0637077453771362,3.2791346398470367
2019-11-03,2.179093703196331,1.0559002972247127,3.268359866785005
2019-11-04,2.1988377649019313,1.1228226747078087,3.297096614082485
2019-11-05,2.2073155054400937,1.159532262699775,3.313933545880264
2019-11-06,2.2314019030293624,1.2103655560265492,3.3300888295245907
2019-11-07,2.235863621833349,1.1794944548418613,3.3049907085755086
2019-11-08,2.2183233686219346,1.081333695965068,3.3810086244738087
2019-11-09,2.2303559253079697,1.1352086494722298,3.3465568210024155
2019-11-10,2.243511939605367,1.1569260878077794,3.324013842952926
2019-11-11,2.272936222274339,1.1495885560353472,3.400528477158686
2019-11-12,2.2901389244362997,1.1331753189075908,3.425394350967235
2019-11-13,2.3216629863791827,1.2264434012299692,3.4137494889568796
2019-11-14,2.332427095216457,1.2124946907073986,3.445851389436345
2019-11-15,2.3199859852595783,1.1450662731468706,3.459603843294266
2019-11-16,2.335468797317542,1.2615752836500282,3.406126422291309
2019-11-17,2.3506025518846743,1.2265694154017481,3.4514048483966366
2019-11-18,2.38040870804953,1.2607592037223005,3.5175658799393976
2019-11-19,2.3966253032772586,1.367028166280615,3.53038970079968
2019-11-20,2.4256352253369386,1.3311555183109118,3.5416100124936674
2019-11-21,2.4326809386739736,1.3542556214729984,3.5270464581761996
2019-11-22,2.4154169625862747,1.3261188088098517,3.515024498071733
2019-11-23,2.42468702395147,1.3396842997901743,3.4182806531374954
2019-11-24,2.4325439962237696,1.367234006344554,3.5042882655911485
2019-11-25,2.4540218926561925,1.3149845265933109,3.6676340111472143
2019-11-26,2.461206590274703,1.2979741197495598,3.537012082284187
2019-11-27,2.480423041063487,1.4165197217326673,3.6148118357809147
2019-11-28,2.477320407669403,1.3842608600341777,3.540358970883598
2019-11-29,2.4497158988825527,1.3523567248369357,3.549381422425521
2019-11-30,2.4482104329362206,1.390219746874907,3.55004157393416
2019-12-01,2.4452052807469458,1.3102928688917461,3.594268901316032
2019-12-02,2.4557502226174788,1.3587336790879927,3.588666167723521
2019-12-03,2.4522640328978897,1.2730481195910524,3.626500968610769
2019-12-04,2.4609821996530146,1.3277446470874352,3.6273438325043332
2019-12-05,2.447914367848821,1.3350581208656593,3.5454646530380374
2019-12-06,2.4109816883756743,1.3427592394071934,3.411087355269096
2019-12-07,2.400473330741453,1.261642455994071,3.5141418135801397
2019-12-08,2.3890622741924914,1.2997200481768156,3.4601727788952585
2019-12-09,2.3917320987701163,1.2223767944830866,3.486447430843022
2019-12-10,2.3811496537249837,1.2807624056211602,3.5623436097696644
2019-12-11,2.3833755906505347,1.2167460152273306,3.4474232821026174
2019-12-12,2.3646962375572853,1.1831126942920887,3.477706884408262
2019-12-13,2.3230563483175755,1.1814990942776022,3.3432146322134964
2019-12-14,2.3083580701355424,1.2337070507917278,3.367725115870684
2019-12-15,2.293477172559126,1.191785982246124,3.4229759078715225
2019-12-16,2.293269425455268,1.234844394249019,3.4268218096903786
2019-12-17,2.2805960563613903,1.19929087590703,3.392795869713505
2019-12-18,2.2812973570317703,1.106078600293299,3.387065488918355
2019-12-19,2.261898916881678,1.1355253142333888,3.3493398253307323
2019-12-20,2.2203393944671688,1.1148119583705083,3.3194158246484244
2019-12-21,2.206111288754548,1.1420302502454203,3.265500890603769
2019-12-22,2.1922767249923414,1.0792269397046113,3.2950623333533655
2019-12-23,2.1935523576474014,1.057395673136081,3.3080649935947792
2019-12-24,2.1829864276838404,1.0860227449978899,3.29940081687043
2019-12-25,2.1861941831190634,1.0982594003213544,3.3654658396200654
2019-12-26,2.1699371994648913,1.0856280968173253,3.2905046641331728
2019-12-27,2.132144944078132,1.016267805935563,3.168812180704803
2019-12-28,2.121896218290652,1.033856544272593,3.2424260787513792
2019-12-29,2.1124335114702477,0.9520396069460653,3.2917869316724055
2019-12-30,2.1183256260032763,1.1146229883348924,3.277232214629107
2019-12-31,2.1127957509099464,1.0072892823795558,3.233708668278257
2020-01-01,2.121218356717848,0.9723596919376443,3.1933259033805816
2020-01-02,2.1105715219345345,1.1010510030688705,3.226567457944136
2020-01-03,2.0787524726927127,0.928042857412909,3.194452183471264
2020-01-04,2.0744001359675375,0.9897942704154665,3.1952153197581477
2020-01-05,2.070908744308187,1.0045960185123144,3.1875817747256736
2020-01-06,2.082669082684566,0.9781963295459626,3.2283790349698465
2020-01-07,2.083048662232283,0.9915410451909424,3.1666047791486682
2020-01-08,2.097151316599793,0.8883695357630567,3.1691698329161806
2020-01-09,2.092143858546607,1.0818631537493169,3.1758964591861334
2020-01-10,2.065866965299646,0.8987623584879507,3.167159369387886
2020-01-11,2.066500206551302,0.996839099112612,3.2252107126871326
2020-01-12,2.067576203201416,1.0053617872450362,3.1892877080062942
2020-01-13,2.083301686681843,0.9597791981005446,3.211808004932977
2020-01-14,2.087190801434083,0.9479766668410136,3.2384212553478195
2020-01-15,2.104088224823549,0.9940391132547328,3.210135057978117
2020-01-16,2.1013707312954226,0.9582534115413609,3.16738131977082
2020-01-17,2.0768537257535256,0.9915829283807692,3.0488058610990976
2020-01-18,2.0782987518632594,1.0564466985865446,3.170562610126879
2020-01-19,2.0794279014662713,0.9676606882948688,3.1559488554843758
2020-01-20,2.0943240722221517,1.0369899154707511,3.1778114689574966
2020-01-21,2.096716482131142,1.0574334645324563,3.2134052065713687
2020-01-22,2.1112661122160747,1.0218092137598933,3.2417387642959503
2020-01-23,2.1056407213544173,0.9771924888903443,3.280215447606537
2020-01-24,2.0777153515626514,0.971023347903864,3.205735620653202
2020-01-25,2.0749204658191487,0.9665873843686192,3.159701458635424
2020-01-26,2.071254633650655,0.9567065095540269,3.1490824712383803
2020-01-27,2.0807619446423344,0.9870105295736299,3.3090675986176254
2020-01-28,2.077467683487047,0.9107575912127479,3.1810139432664566
2020-01-29,2.085924095000932,1.0541109080075124,3.140324600257031
2020-01-30,2.0741569598390375,0.9718682464761952,3.1152336626609802
2020-01-31,2.040158349620035,0.8673990632923398,3.104210249957914
2020-02-01,2.0310738927549936,0.9577398828676443,3.0963885704773806
2020-02-02,2.0212125021157314,0.8650828610316059,3.1697080799690416
2020-02-03,2.024600017173343,0.9786402538986195,3.16718602112066
2020-02-04,2.015564449891384,0.8492994507168444,3.077821056769662
2020-02-05,2.0185418409167903,0.8539034017798235,3.0886836107632325
2020-02-06,2.0018945340643652,0.8859886911564536,3.0695758795621204
2020-02-07,1.9636966878864737,0.8475415979175842,3.014369008509335
2020-02-08,1.9507615335960857,0.8709195397438855,3.014268240333744
2020-02-09,1.9376493445199399,0.8918014043097181,3.0335706787744603
2020-02-10,1.9382988102863097,0.8689354649337908,3.0036872699203263
2020-02-11,1.9272636196746018,0.7714611566254731,3.0346414706052824
2020-02-12,1.9287803878401093,0.8437318398032299,3.0416753452550065
2020-02-13,1.911462198373825,0.858143983170891,2.9989322908240683
2020-02-14,1.8733747619279482,0.743613145459509,3.0018867755237397
2020-02-15,1.860910393902116,0.687835236723278,2.8738288004123973
2020-02-16,1.8487948493840034,0.7287520370700086,2.98339009225322
2020-02-17,1.8507987234610257,0.7361980926538819,2.9326611969125214
2020-02-18,1.8416271588460031,0.7147213519487049,2.9510389061921694
2020-02-19,1.8452519445718414,0.7551794021568078,2.9852307772733386
2020-02-20,1.8304785420734273,0.7246368151094795,2.943285166020141
2020-02-21,1.795323163553522,0.6677527906090986,2.9810258944582504
2020-02-22,1.785725689246854,0.6171646037292093,2.870603786581526
2020-02-23,1.7765583151710342,0.6470710181168836,2.842293270326159
2020-02-24,1.7814175608906808,0.742947754708026,2.8498096099785037
2020-02-25,1.7751666694308919,0.7208413630858126,2.8798981457857664
2020-02-26,1.7815314317849118,0.6657297820794551,2.925520188423278
2020-02-27,1.769541084053185,0.6493773086922189,2.9130034423867355
2020-02-28,1.7372007899717885,0.6644206767955131,2.769835998126982
2020-02-29,1.7300462774159753,0.6260231433686405,2.8056975998074125
2020-03-01,1.7231511098850616,0.6711923314136657,2.8586975047501046
2020-03-02,1.7299973808043978,0.6439220787360574,2.8390217987909243
2020-03-03,1.7256687735903604,0.5913858427637743,2.8248603376778347
2020-03-04,1.7337080313964262,0.6412509501673144,2.8671857609871005
2020-03-05,1.723429660285806,0.6168057459711781,2.8445510654513266
2020-03-06,1.6928858296942426,0.6028320397924063,2.7824558521332796
2020-03-07,1.6872608813153833,0.5481350442658245,2.738586909556865
2020-03-08,1.6818755728915016,0.6147888375026964,2.7983861646113963
2020-03-09,1.6901350528898031,0.6057154055191142,2.750412952041964
2020-03-10,1.68737146192126,0.5387182140075135,2.75776777123905
2020-03-11,1.6969622493756735,0.5819609354466894,2.8082056433134617
2020-03-12,1.6885142277927232,0.5403633656594561,2.7742401659731457
2020-03-13,1.6601227922922888,0.5706353942425719,2.808800790066497
2020-03-14,1.656606560014524,0.5655074976777072,2.774902635560976
2020-03-15,1.6535091916975269,0.5822688016220781,2.801469395876967
2020-03-16,1.6641255788917382,0.5178760457321778,2.765911511290637
2020-03-17,1.6639952148040982,0.6130246161981223,2.7281680835739213
2020-03-18,1.6762828418380369,0.5957712542925623,2.72559821631873
2020-03-19,1.6708355492056632,0.5834545213162748,2.812318675280981
2020-03-20,1.6457371570108865,0.5370503418910643,2.679450520554881
2020-03-21,1.6453849264023626,0.4991797394334492,2.736402777955732
2020-03-22,1.6454909314477586,0.5556359305143331,2.7554015548350415
2020-03-23,1.6591884005914384,0.5370900528509504,2.798560849577141
2020-03-24,1.6621777056021019,0.5218792917155396,2.729091116542751
2020-03-25,1.67737103629711,0.6306185272956496,2.7874540518203577
2020-03-26,1.6748240306069044,0.5948936410858436,2.7300164254558
2020-03-27,1.652586557183549,0.5297174176403969,2.7141026312669987
2020-03-28,1.654622434441077,0.5172848622130304,2.7144083594110726
2020-03-29,1.6568109640077162,0.5167561595206889,2.746583767958038
2020-03-30,1.672133689783438,0.6128168969173806,2.788337480048451
2020-03-31,1.6764729102124887,0.4982847703794504,2.805055337410938
2020-04-01,1.6925199282397578,0.5240325829481184,2.720830397876897
2020-04-02,1.6905804168263787,0.6380540541351383,2.851425670689788
2020-04-03,1.6687204809813674,0.5364351937076013,2.7561489688509013
2020-04-04,1.6705279775632236,0.5819790752767868,2.692891217830784
2020-04-05,1.6721125553907281,0.6279696932770373,2.7885109683563223
2020-04-06,1.68637098027551,0.5736834209316279,2.8657108753840537
2020-04-07,1.6894361787226784,0.5596022920531185,2.7909665071101757
2020-04-08,1.7038469920017114,0.5898163593434516,2.7669214159275985
2020-04-09,1.7002251905770305,0.5600425464631176,2.8188145771247473
2020-04-10,1.6767147781963214,0.5101757429264173,2.83434328126887
2020-04-11,1.676582987651386,0.5190108687802827,2.8014076024741024
2020-04-12,1.6762170755413097,0.5786707706571316,2.737681677237181
2020-04-13,1.6884666892787497,0.5615227112758433,2.7752189647184684
2020-04-14,1.6897421946847664,0.5837036986537354,2.7084699512573285
2020-04-15,1.702445003307052,0.6165499374711699,2.8230932463012035
2020-04-16,1.6975156522309758,0.5784956673164583,2.7735918180721586
2020-04-17,1.6731661341750186,0.5731517530305648,2.710918534081265
2020-04-18,1.672320729622204,0.5603633746288782,2.6950280122215102
2020-04-19,1.6716100905801599,0.5289279050976282,2.789567301846854
2020-04-20,1.6837915438483935,0.5908958978835669,2.703577164393172
2020-04-21,1.685497931649281,0.6110821230607772,2.793369912595044
2020-04-22,1.69893004074031,0.5556848919208749,2.7929860296192714
2020-04-23,1.6952775307782126,0.5801842502436066,2.8238492371449215
2020-04-24,1.6727462754500249,0.5433261113494676,2.824066879922221
2020-04-25,1.673841158673129,0.6074014766626669,2.702335975032378
2020-04-26,1.675359653913288,0.5191075011172557,2.701531308042692
2020-04-27,1.689892282628131,0.6155313026208395,2.8184817663922246
2020-04-28,1.694224132033317,0.5378034622024178,2.7611348984878044
2020-04-29,1.7102914294983071,0.6407414775445179,2.8325880613556484
2020-04-30,1.7094771799593111,0.6207401614504731,2.849513964972981
2020-05-01,1.689935138526385,0.5340500274929166,2.77625073329025
2020-05-02,1.6937159011801317,0.6488044205766952,2.7562445882747055
2020-05-03,1.69776097876269,0.5457922414083791,2.8281420402664934
2020-05-04,1.7144840470641836,0.6027957289012529,2.72363793876098
2020-05-05,1.720825395178685,0.6366982618813968,2.7953792244985234
2020-05-06,1.7384725069070108,0.5348150665998279,2.800407192797511
2020-05-07,1.7390298804593267,0.5929468642339605,2.883666710309675
2020-05-08,1.7206387324746166,0.5984120520554518,2.77005814055792
2020-05-09,1.7249451365417177,0.5739493096272927,2.8740138896111893
2020-05-10,1.7290930360417183,0.6074262474266893,2.8217989181804572
2020-05-11,1.7453844680335475,0.6968962491218645,2.910734490356798
2020-05-12,1.7509849177330719,0.6862339718279236,2.805747016892164
2020-05-13,1.76740573785389,0.6634153086339618,2.8597479749416017
2020-05-14,1.7665459036991658,0.6117617600692619,2.8133080120327416
2020-05-15,1.7466051933639988,0.6875269296246336,2.9469481605082204
2020-05-16,1.7488921806362916,0.7175497817334358,2.8423361936204636
2020-05-17,1.7508141236061014,0.7327102074889157,2.842131835447289
2020-05-18,1.7646142945479473,0.7125139611721214,2.8644066011198572
2020-05-19,1.767726627250909,0.674561982457755,2.9077426906293935
2020-05-20,1.781518667270406,0.8273570504133534,2.9058813062740003
2020-05-21,1.7782043041720754,0.6852750037408729,2.8890992827556268
2020-05-22,1.7560498504613444,0.555963429867546,2.842520222010922
2020-05-23,1.7560217125770026,0.6487611470465235,2.8421707683856674
2020-05-24,1.7557733882063091,0.662584013685048,2.8952626563961354
2020-05-25,1.7674605397183267,0.6983699072947878,2.911208180942181
2020-05-26,1.768745959265693,0.61987372410865,2.924854449450699
2020-05-27,1.7808044327780443,0.7274657720912706,2.8814915987700833
2020-05-28,1.7761081492202195,0.708046022043445,2.836292591752621
2020-05-29,1.7529276440043648,0.6417741657812753,2.8293939001174286
2020-05-30,1.7518213197893253,0.7000884762497199,2.860949065677449
2020-05-31,1.7506218631970452,0.6923513549279747,2.819880664249109
2020-06-01,1.7613314394355146,0.6127214904995001,2.843006585268587
2020-06-02,1.7617793448104302,0.6612933640800366,2.845614414285552
2020-06-03,1.7728910705004064,0.6837784503837144,2.882244781005404
2020-06-04,1.7673485173318815,0.6228164622118593,2.820370673612729
2020-06-05,1.7433877046234567,0.6468221312813945,2.8229530255951465
2020-06-06,1.7411317502776655,0.6874564889175302,2.809982699196976
2020-06-07,1.7385779691353942,0.6268801675602403,2.8107492959407647
2020-06-08,1.7475740579006207,0.6386519488748372,2.8587760078481463
2020-06-09,1.7461288766022973,0.6536386372806673,2.803202299638565
2020-06-10,1.7549457042877836,0.6842314150704906,2.7829186353788224
2020-06-11,1.7469567936466832,0.5827659684759338,2.783292040521278
2020-06-12,1.7204169272841277,0.6452048792185844,2.769130675951398
2020-06-13,1.715078506111867,0.6255055323494195,2.78725219579602
2020-06-14,1.7091775781968304,0.6323062870280581,2.753417481896
2020-06-15,1.714488908218401,0.6272902614706084,2.846011041161659
2020-06-16,1.7092874845125126,0.534958873936914,2.842232594056915
2020-06-17,1.7141433327070785,0.6391681821324862,2.7325639106255424
2020-06-18,1.7023276207078863,0.5912881111726134,2.800718885784624
2020-06-19,1.6721991984917017,0.5770946790688398,2.7167223215249345
2020-06-20,1.6632189412374747,0.5156137599604272,2.7770860674998077
2020-06-21,1.6539319514529212,0.5765394002473055,2.6978528627756453
2020-06-22,1.6560989367990602,0.5684978600359705,2.7721278549572905
2020-06-23,1.6483061285138598,0.5086109777978094,2.732207289945552
2020-06-24,1.6510196754358635,0.5624614171449066,2.7027788628410248
2020-06-25,1.645447218319658,0.5861242392641153,2.7076405781818926
2020-06-26,1.6221976525430983,0.4966240282353842,2.8198722735408284
2020-06-27,1.6207165640437105,0.5043280095782229,2.71909616737287
2020-06-28,1.6197227015513351,0.5711529211663681,2.650713327281221
2020-06-29,1.6311789102956227,0.515454868982766,2.7074924660029853
2020-06-30,1.633480978807053,0.46348416363606126,2.7617029300457943
2020-07-01,1.647430411257118,0.5813632653036304,2.731107584988962
2020-07-02,1.6460712912584379,0.5582047560754381,2.7192741502570676
2020-07-03,1.6275586241097457,0.5729748420076796,2.752381227797798
2020-07-04,1.6321691763437085,0.5224918041589909,2.7231789569095515
2020-07-05,1.6380695599955826,0.5234319421349268,2.755882441281531
2020-07-06,1.657391971332636,0.4373093620453664,2.7710810856727073
2020-07-07,1.6679368657832163,0.5619302968266393,2.7382084305914716
2020-07-08,1.690832414490623,0.5300899065305119,2.8955082103986136
2020-07-09,1.698379908615997,0.5665971740821845,2.786772674975628
2020-07-10,1.6885361544265196,0.5906513457597443,2.743156378171937
2020-07-11,1.7022901247719926,0.6053449224225734,2.8032443843742407
2020-07-12,1.7171537486097845,0.5214877598456983,2.8134365375312953
2020-07-13,1.7453456132565346,0.6821360799843661,2.855814220922014
2020-07-14,1.7640102012347498,0.6684889571438764,2.88541213375663
2020-07-15,1.7945662558858333,0.6607787567248435,2.821240704874736
2020-07-16,1.8085623700060471,0.7877629918399658,2.928166526054008
2020-07-17,1.8037744389161743,0.7704763100404912,3.0262268808847215
2020-07-18,1.8219484488944218,0.6295837621525258,2.840535501857994
2020-07-19,1.8400135931539308,0.6707079990222367,2.9757761030455523
2020-07-20,1.8703728499280998,0.823403608772454,2.983828872796315
2020-07-21,1.8896369987379162,0.7721066097345105,2.942417931427951
2020-07-22,1.9196594508986329,0.807894513683569,3.081201767990487
2020-07-23,1.9313989682652624,0.8537757018694857,3.1236042464458693
2020-07-24,1.9226285789620936,0.8013272725536957,3.0322246902682344
2020-07-25,1.936040451046406,0.8367444878938748,2.9673267369785763
2020-07-26,1.9481769251611945,0.8748313369801419,3.0269732912847576
2020-07-27,1.9718233101517368,0.8595061114930438,3.1440684364156963
2020-07-28,1.9832518897996023,0.9771322918224453,3.0865671132975914
2020-07-29,2.004938421744681,0.8783182335166652,3.2010731408854287
2020-07-30,2.0074273074380566,0.9603852175038002,3.1564857087647695
2020-07-31,1.9886475329029936,0.9317135308756505,3.0873830744012016
2020-08-01,1.9923755501913853,0.9633407566434813,3.1420712211636395
2020-08-02,1.994880620311755,0.8710236730077379,3.081782329799285
2020-08-03,2.0094167906919025,0.8942058498482524,3.1543797831099845
2020-08-04,2.011974513080599,0.9030647680711735,3.0967426431950154
2020-08-05,2.0256771571661543,0.967906943882693,3.1949686974879623
2020-08-06,2.0206477542550023,0.9625608655327147,3.109746751612788
2020-08-07,1.994931892383107,0.8114319307731962,3.131490853631306
2020-08-08,1.9933193511218659,0.842384377617493,3.047262124410567
2020-08-09,1.9917053044280104,0.9231276058344382,3.1664469613019723
2020-08-10,2.0036838000857555,0.8033279496626468,3.0826520198728566
2020-08-11,2.004810025051453,0.8723839368048917,3.073135486707659
2020-08-12,2.01868051239209,0.8777655110362705,3.1140211686226795
2020-08-13,2.014805688252866,0.8624050198820553,3.127857715610311
2020-08-14,1.991144395129288,0.9485550136884394,3.123987318779931
2020-08-15,1.9932892788696328,0.9045702968598286,3.081906842698143
2020-08-16,1.9965490467352804,0.9220767518519993,3.1509468665335785
2020-08-17,2.014648705976679,0.8263564903311527,3.110389932487475
2020-08-18,2.0225076586906803,0.9920098121497724,3.1233396148425294
2020-08-19,2.0440085734136946,0.9879203737959137,3.1768559557439198
2020-08-20,2.0478803653072997,0.9342832787113159,3.2285725111754617
2020-08-21,2.0318485139812634,0.9275281579662117,3.250134226390447
2020-08-22,2.042187795291109,1.01215543801106,3.1064334265263596
2020-08-23,2.0535285180829272,0.9465580261057893,3.1697085851240026
2020-08-24,2.0796656984907433,0.8615884308233901,3.1861186683541076
2020-08-25,2.0948543559841912,1.052280129111663,3.1814051590648567
2020-08-26,2.1232675797569924,1.048899854240005,3.196776257948141
2020-08-27,2.132889616568028,0.9796304744089016,3.3430802129277586
2020-08-28,2.1212808106003793,0.9421471856770178,3.2125112050076527
2020-08-29,2.1354956920899486,1.027783613575061,3.194548095855759
2020-08-30,2.149610442804173,1.0807452815678038,3.2627084531018586
2020-08-31,2.177637568141824,1.080586740303436,3.2883385830485623
2020-09-01,2.1933343611016674,1.1443547603885815,3.384499115220082
2020-09-02,2.221345643570052,1.1668919292545625,3.311553404270816
2020-09-03,2.229102077202367,1.0685980347049435,3.321650128121436
2020-09-04,2.2141946077632633,1.0581786756669638,3.4143497259062703
2020-09-05,2.224652698172249,1.0502732580840652,3.3243825227457813
2020-09-06,2.2341878560537,1.080334572497723,3.2814992658840807
2020-09-07,2.257208822035492,1.1832962959527702,3.261504396976702
2020-09-08,2.26713853928255,1.210452993226861,3.36767197174751
2020-09-09,2.2892373519759217,1.2306050400268176,3.414558757990452
2020-09-10,2.2905028793394573,1.172897542523963,3.35501630584806
2020-09-11,2.2686509602107314,1.2141165865903005,3.408615275131453
2020-09-12,2.2727517617043613,1.2045320843610485,3.3809832067688075
2020-09-13,2.2761878950706294,1.1851577852926312,3.4059437178384835
2020-09-14,2.2937694792089163,1.1794568824213578,3.418045935074317
2020-09-15,2.298559822407882,1.1781629009735977,3.40811867499476
2020-09-16,2.316380123848248,1.307534492196519,3.447671669450343
2020-09-17,2.3137127643142525,1.1981560714896895,3.3503394695542754
2020-09-18,2.2882913585930518,1.1610737477120823,3.303925171465808
2020-09-19,2.2900980270834648,1.219784295956411,3.4425314825067046
2020-09-20,2.2920399740908244,1.173872003744181,3.424151986764256
2020-09-21,2.309168778510121,1.1110215770993253,3.360114644857544
2020-09-22,2.314019495583298,1.1880135999783712,3.3653336926244686
2020-09-23,2.332801793487021,1.3061410574826542,3.46235397597657
2020-09-24,2.331311679456565,1.1979664652861235,3.4304823798285144
2020-09-25,2.307135625650313,1.2328613153425132,3.383566792979197
2020-09-26,2.3110137781908078,1.1803698064472807,3.375847601204708
2020-09-27,2.315239448681268,1.1613191774781308,3.4500797642079157
2020-09-28,2.334986635762021,1.2826811018101054,3.412307921229492
2020-09-29,2.3421659926997687,1.3315479295438335,3.4637235338244325
2020-09-30,2.3633051917924033,1.2810678657779915,3.497777301616997
2020-10-01,2.3634711485911755,1.1662494284925442,3.4385931499146825
2020-10-02,2.340089497231893,1.2777902205008942,3.387139509774219
2020-10-03,2.344674191441559,1.2358248691754659,3.4215991126674425
2020-10-04,2.348949530340115,1.2083085945051766,3.4835082178899595
2020-10-05,2.3682847095282678,1.285399885225841,3.4422686884339395
2020-10-06,2.3740646645346355,1.3407612652305698,3.5093078825814685
2020-10-07,2.393256939938311,1.3124064514290992,3.4614007308279313
2020-10-08,2.39034103111257,1.2404768538858424,3.4454632756198995
2020-10-09,2.362739264624541,1.305916244027427,3.4835008581182176
2020-10-10,2.3629083920117195,1.206965701689967,3.477253064553704
2020-10-11,2.3621794172216433,1.1966191518713414,3.4081350410262137
2020-10-12,2.3762942414095494,1.3604256733605187,3.416794480371815
2020-10-13,2.3762863788371633,1.240729741312006,3.5015701606605125
2020-10-14,2.3897293968672844,1.3882402933438174,3.4711583057804547
2020-10-15,2.3806686458563564,1.213952316990875,3.531109848858661
2020-10-16,2.3466591486931154,1.1544812381658556,3.38843939412755
2020-10-17,2.3412152443643466,1.293593418920935,3.4646959878649946
2020-10-18,2.3353648337747224,1.230327280197267,3.4628847229464346
2020-10-19,2.3452853858962546,1.2281885658016665,3.4621072611272465
2020-10-20,2.3416925177908983,1.3003652114601478,3.4424201744963794
2020-10-21,2.3527687743428034,1.2700586170829709,3.6061599474970016
2020-10-22,2.342097324197844,1.2425043876035475,3.509249093296678
2020-10-23,2.3073072551240847,1.281006625149397,3.433171611719793
2020-10-24,2.3028824703542123,1.1767124305948993,3.3837550583040747
2020-10-25,2.2994323278467617,1.2024021270414442,3.59434865456318
2020-10-26,2.3134297000108637,1.2461410036035039,3.423642541262158
2020-10-27,2.315110753288408,1.1858842545705635,3.4333563297031278
2020-10-28,2.3330879554496526,1.2199964383011002,3.467434590108764
2020-10-29,2.3302900727082294,1.2169518412195661,3.3728009783023163
2020-10-30,2.3042195369708476,1.221885016177091,3.4432257204985786
2020-10-31,2.3101254676098475,1.1741667702054772,3.467882326445693
2020-11-01,2.3179956545278357,1.2349747618120999,3.3692214874947495
2020-11-02,2.344401569700817,1.2495862427507616,3.44581664268069
2020-11-03,2.35891406523526,1.2759958491641337,3.5985395670781313
2020-11-04,2.3904050266741703,1.380944454116183,3.4937989223881316
2020-11-05,2.4009976774588986,1.334867662397598,3.4424468040279366
2020-11-06,2.387940052214833,1.2645254951407092,3.524658732115718
2020-11-07,2.4071434288480376,1.3165646162559264,3.4629630446325375
2020-11-08,2.4278994971418464,1.3288403265161361,3.608589492487902
2020-11-09,2.466833323446449,1.4041447400174962,3.56455772961012
2020-11-10,2.4928356923621724,1.3628322155185166,3.573496060109918
2020-11-11,2.535053525749593,1.42842591551269,3.7122121834077446
2020-11-12,2.5548496494117345,1.4327982093996643,3.6757567752853766
2020-11-13,2.549289982202851,1.4306994917872689,3.655236298442927
2020-11-14,2.5750486122556024,1.4553605949549202,3.6227271132142325
2020-11-15,2.6008440012523204,1.427569365758754,3.7514704324889
2020-11-16,2.6434979931410405,1.4555852795457005,3.7137939153042874
2020-11-17,2.6713811013572255,1.6120419227404883,3.7594220890254086
2020-11-18,2.714087854047456,1.5843939077721239,3.8047065301966208
2020-11-19,2.732401831396221,1.5791213098853727,3.8250184608998574
2020-11-20,2.7233929447689773,1.612089260055082,3.8715830777838733
2020-11-21,2.74468329310416,1.721445770110728,3.871166079063854
2020-11-22,2.764599969499629,1.6922649729741623,3.8735760223043365
2020-11-23,2.8003357273507863,1.6758382051308203,3.942651840783042
2020-11-24,2.8199036927401524,1.7423116086690975,3.870801656458896
2020-11-25,2.8534945213232072,1.8049003325221722,3.973724145276465
2020-11-26,2.861444066342416,1.7470526705384852,3.9247859042901765
2020-11-27,2.8409386359894118,1.765052698474386,3.9073884289608123
2020-11-28,2.8506400834120837,1.6476522432516778,3.8945116079931994
2020-11-29,2.8585542543565143,1.7349739835501847,3.9219971560750126
2020-11-30,2.8822929375052193,1.7187764621173924,4.085947187941086
2020-12-01,2.889538202673583,1.8323394946769527,3.9943756572088414
2020-12-02,2.911082113601079,1.7264125802775707,3.9670018135339804
2020-12-03,2.9067982694688066,1.7602263971380572,3.9556918827364287
2020-12-04,2.873956723788661,1.782743566511399,3.9246421390443964
2020-12-05,2.872210362781924,1.7878384830015135,4.025972223456254
2020-12-06,2.8691813426521593,1.700537045438257,3.9280534558595646
2020-12-07,2.882826882883513,1.7775808327149791,3.99939836495185
2020-12-08,2.880415912288636,1.7977236887423282,3.9965224701423514
2020-12-09,2.8932540556176343,1.7075927566535078,3.950016668502845
2020-12-10,2.880661717171793,1.8416918379112057,3.926607739031498
2020-12-11,2.8399012001338835,1.775237142041932,3.8622420624234137
2020-12-12,2.831526709436251,1.7623762750507446,3.923769984763738
2020-12-13,2.822690848231216,1.6643445704250321,3.9725716258386683
2020-12-14,2.8316160045916665,1.6877757111760396,3.878498803319136
2020-12-15,2.8250846967199656,1.717786708726917,3.9818761307336774
2020-12-16,2.834850839117227,1.7342434110240161,4.055375218591324
2020-12-17,2.8196249761190972,1.7179300168962428,3.8591276960128753
2020-12-18,2.776613813399402,1.687888345125647,3.8057079468039414
2020-12-19,2.7672336765494814,1.5777277114510606,3.850085741692673
2020-12-20,2.7581365459923095,1.5812461969780895,3.836843568102273
2020-12-21,2.76778620457646,1.6434505217423818,3.8720032887081244
2020-12-22,2.762461187998706,1.6516739155109756,3.8226307012620757
2020-12-23,2.7743510336273385,1.675051767074156,3.846046061436311
2020-12-24,2.7615472285843348,1.7337616674020178,3.878089178461942
2020-12-25,2.7211936477241134,1.5347417509651748,3.786471653469208
2020-12-26,2.7155619612921553,1.529480493622913,3.870380969610451
2020-12-27,2.710795768873934,1.5571192707681047,3.864710724386946
2020-12-28,2.725590200252051,1.6751331739490867,3.858122539483189
2020-12-29,2.725706353885425,1.686739004454993,3.8378205866884123
2020-12-30,2.7437516525054724,1.6526101220381009,3.8340999006882686
2020-12-31,2.737175912292502,1.6404953336745831,3.828112822974399
2021-01-01,2.7030324063885436,1.6115974065619436,3.9166075992030978
2021-01-02,2.704415271169693,1.5961129552166364,3.8501291702869223
2021-01-03,2.706922124461262,1.541403844598674,3.8432167428149766
2021-01-04,2.729437832865312,1.5511557550591395,3.8443016818520683
2021-01-05,2.737161459053512,1.6793907501104766,3.8520341209807794
2021-01-06,2.7630720199862155,1.6357275099814705,3.973439942823061
2021-01-07,2.7639312047143827,1.6469855671013256,3.8845215918810023
2021-01-08,2.736656769722611,1.6296745730769058,3.8755533202986814
2021-01-09,2.7451237682300293,1.6193224581670103,3.8472051269064305
2021-01-10,2.7543475288768726,1.6731647781135623,3.7757590272271058
2021-01-11,2.783373447744086,1.5994776477565367,3.9048462010171545
2021-01-12,2.7968182138594417,1.7064124066595976,3.9380474727573374
2021-01-13,2.828022581137943,1.6895058300184667,3.913464997668406
2021-01-14,2.8330621218786405,1.6604224264204255,3.8805279268033233
2021-01-15,2.8087340573005553,1.7522058847395663,3.9414359507801757
2021-01-16,2.819723078009942,1.7077290834617125,3.9005880034992
2021-01-17,2.8305050745721365,1.7533649321715348,3.96678722376508
2021-01-18,2.860342938987519,1.6932404878207434,3.9185956171231107
2021-01-19,2.873341629356697,1.8041684040821626,3.8268290737373807
2021-01-20,2.9032870890380114,1.8102618929212686,3.9910666796751886
2021-01-21,2.9056637521449264,1.8699270687151033,4.058302916629943
2021-01-22,2.8772531324404924,1.794945715031613,3.99004564767155
2021-01-23,2.8836622022928005,1.8303075933253297,3.9288966482264547
2021-01-24,2.888945536181409,1.8069237612757736,3.9599793835165253
2021-01-25,2.912704536858345,1.7817261775695283,3.9569752139244785
2021-01-26,2.9186535781837715,1.8768158470460323,4.010410904923765
2021-01-27,2.941142210974542,1.8585966891636063,4.084949152468036
2021-01-28,2.9351765419013707,1.853095146283897,4.14944121620397
2021-01-29,2.8976267678161602,1.7747757745305222,3.977227152176852
2021-01-30,2.8951154494071023,1.8615497831553274,3.959597292946369
2021-01-31,2.8913556335426223,1.771473364082034,4.034890908213091
2021-02-01,2.9063513748285117,1.734097490146125,3.9747930191246774
2021-02-02,2.903473199395172,1.8660541818744787,3.990082075205499
2021-02-03,2.917662269523315,1.8478857276745848,4.033843890303264
2021-02-04,2.9034547826324077,1.7701961338751746,4.053507917720755
2021-02-05,2.8577981041739826,1.8328349456470427,4.0308689534903275
2021-02-06,2.848299112769735,1.8283894734400152,3.9394291689800625
2021-02-07,2.8382790037255323,1.7797811832625532,3.95925302244315
2021-02-08,2.8480763202064634,1.7293993716874465,3.8939221686710197
2021-02-09,2.8406334351084843,1.851709699984281,4.023112523135312
2021-02-10,2.851384810934754,1.8379879127401275,4.025206278061277
2021-02-11,2.8342869376854436,1.7411671015388213,3.928836494883821
2021-02-12,2.786245896626349,1.731819011517931,3.92849351177671
2021-02-13,2.775728844018247,1.6879189702011592,3.905648128783295
2021-02-14,2.7655387114347967,1.6142799913912587,3.918483414898916
2021-02-15,2.7762230194072752,1.7580431049521974,3.839077515804107
2021-02-16,2.7701746138338454,1.6880404063813084,3.8323842132178183
2021-02-17,2.7832071280296753,1.649791355637755,3.8819677421461627
2021-02-18,2.768593347097959,1.7166906095115901,3.869043250045368
2021-02-19,2.723106787030055,1.6107795503653393,3.8151590784423552
2021-02-20,2.715998523209847,1.6312764692643966,3.801678426070214
2021-02-21,2.7094935512187273,1.5203623186849873,3.828057490063174
2021-02-22,2.724306652874002,1.481347614059376,3.782328994155058
2021-02-23,2.722258126643242,1.6038258372966314,3.7722891383930346
2021-02-24,2.7395366399583763,1.6837121366408647,3.820907671905831
2021-02-25,2.7287456523382856,1.6745019131906278,3.8887908621803917
2021-02-26,2.686558098546623,1.558541840512244,3.7459942205845063
2021-02-27,2.6830571357233066,1.5777630035690695,3.808869134221453
2021-02-28,2.6799522679716823,1.5740917167371133,3.7995199311273335
2021-03-01,2.698199956168248,1.5468628163852023,3.8349351318042686
2021-03-02,2.6991316931220877,1.5633833786359577,3.84466424472465
2021-03-03,2.7194013380299977,1.6609064086447944,3.8611387544293065
2021-03-04,2.7110365212004,1.5489581368399974,3.7874830730544273
2021-03-05,2.670703280255179,1.6208271399198053,3.7911764861227852
2021-03-06,2.6694075986342938,1.5869324215120875,3.7180846360607234
2021-03-07,2.6684282875495855,1.5189035864812377,3.7614357889313483
2021-03-08,2.6890395475472757,1.5448702420523024,3.8031193767937004
2021-03-09,2.6921488979398265,1.6323440329158294,3.723537322784303
2021-03-10,2.714926882496059,1.658059406384967,3.763566687015937
2021-03-11,2.7088617908739736,1.692296594260869,3.8561411521807742
2021-03-12,2.6706330817625425,1.549827931067528,3.8005986141029187
2021-03-13,2.6721730828415655,1.605528723795922,3.764818466219955
2021-03-14,2.6743165571600285,1.562067726194761,3.764123765444367
2021-03-15,2.69862570395214,1.5796153472916377,3.806290416995411
2021-03-16,2.705538976207279,1.6033000696283881,3.817283324407084
2021-03-17,2.7326847065694446,1.6781868809592053,3.7873757373815367
2021-03-18,2.7309411619859074,1.6655544634420267,3.862252024364833
2021-03-19,2.6969211754277653,1.5664111691007385,3.7575155094909847
2021-03-20,2.703396757965192,1.618894758795402,3.799543135360688
2021-03-21,2.7106683439160104,1.6527674541830442,3.821148008342098
2021-03-22,2.740495373313649,1.6224142970669189,3.801997189614604
2021-03-23,2.752759188698612,1.7497680421279906,3.8472272180256804
2021-03-24,2.7854637188286593,1.6493387971042586,3.8627730878311666
2021-03-25,2.788803849416166,1.6891190117231238,3.7954192782787297
2021-03-26,2.7592639943864827,1.6667162493968284,3.8116212891887575
2021-03-27,2.7704080101845294,1.670225627783432,3.82593185463609
2021-03-28,2.781970086858278,1.6691769253231892,3.853279892858348
2021-03-29,2.815892391323773,1.7908171457621271,3.8113722364469176
2021-03-30,2.8315029806823397,1.7776058060628157,3.920523629847987
2021-03-31,2.8672039034539254,1.7221258538091126,3.9696728965795227
2021-04-01,2.8725476501550764,1.789793184310732,3.9887293627196723
2021-04-02,2.8439488322685853,1.762863981659231,4.016345991735016
2021-04-03,2.8558379896606505,1.7310646438110324,3.9813443587202264
2021-04-04,2.867472179383596,1.765325254480871,4.023499923794164
2021-04-05,2.9010772456873295,1.8736600828909078,4.000340995639194
2021-04-06,2.9155379005777022,1.7224127622032193,4.066361953215482
2021-04-07,2.9497700616884397,1.825132748187906,4.113234508287342
2021-04-08,2.9528019651809325,1.8498906165774136,4.031031639208925
2021-04-09,2.9210954016117174,1.883561939203537,4.024241625125773
2021-04-10,2.930059840956982,1.7980011090909918,4.090546989310149
2021-04-11,2.9385792294858746,1.759708024242421,3.9163627065081323
2021-04-12,2.9692555918294334,1.9300520337171627,4.075853550929065
2021-04-13,2.9806082833033183,1.8648711734129952,4.149673382250388
2021-04-14,3.0121279643092085,1.817129354657095,4.0905438652522985
2021-04-15,3.0123602558049574,1.9304129657721674,4.087706219271193
2021-04-16,2.9778349637826182,1.8890064237561266,4.1805978136210795
2021-04-17,2.9849395599560706,1.8202919879057993,4.067806943014293
2021-04-18,2.9921618679090667,1.9284472698923718,4.069188938440371
2021-04-19,3.022435338986482,1.8675789253476,4.156421929161979
2021-04-20,3.0338484759965816,1.9736109787461107,4.051863078484
2021-04-21,3.066382078654961,1.9617907256941822,4.1112572536535
2021-04-22,3.0679976683437222,1.986363306227675,4.166704600465542
2021-04-23,3.0351774588065643,1.8997075988797822,4.047809154975966
2021-04-24,3.0451604027455823,1.955040825416525,4.114662183037816
2021-04-25,3.055904337195306,1.910149422371344,4.135345950895002
2021-04-26,3.090536757963496,1.9682775585314056,4.2091494967122225
2021-04-27,3.106578380417198,1.930535559832717,4.210393850216705
2021-04-28,3.1443676433697583,1.9821861821534814,4.186659139500385
2021-04-29,3.1511577910938326,1.961134886849872,4.27343525162373
2021-04-30,3.123271259461524,1.9571081685325264,4.0682330118326275
2021-05-01,3.138701625184494,2.028417765918039,4.246493532242079
2021-05-02,3.1547981099672,2.0144162484821253,4.2431555286078995
2021-05-03,3.1948242235935562,2.1211942555317544,4.321052460416253
2021-05-04,3.21569722551483,2.088451649621236,4.311003078093772
2021-05-05,3.2581009854973484,2.1903642559717182,4.383492250490288
2021-05-06,3.2685921166749057,2.1276189688185227,4.359008862709162
2021-05-07,3.243368448575048,2.102934848017637,4.340653955207015
2021-05-08,3.261235832371073,2.1101374798636376,4.283957273893173
2021-05-09,3.279013265583194,2.2412447913880666,4.3833853807439995
2021-05-10,3.3201970220754964,2.1223497539485625,4.31848897650506
2021-05-11,3.341213057683489,2.2577073795080143,4.434643296668137
2021-05-12,3.3832147828118146,2.2250113297490413,4.431033659431267
2021-05-13,3.3921944166715114,2.2675109934554567,4.603393996147882
2021-05-14,3.3643614483362914,2.277777646181331,4.486644200838287
2021-05-15,3.3794700557917063,2.296484598529787,4.4698576479198335
2021-05-16,3.393940597106671,2.270461695377393,4.556891455252704
2021-05-17,3.4316250947410847,2.3617564488474474,4.495613828158457
2021-05-18,3.4485687051997953,2.286007017624718,4.569867924176716
2021-05-19,3.486488900938947,2.32902165285584,4.557583176874461
2021-05-20,3.490889035055942,2.41949107458538,4.610886511051571
2021-05-21,3.458044372160872,2.355273554888162,4.529440937314258
2021-05-22,3.468688378923874,2.3221143060636886,4.523805620626751
2021-05-23,3.478849578700562,2.2874022944916597,4.525734979953006
2021-05-24,3.5127181675239676,2.3983298895740273,4.626568629396626
2021-05-25,3.5259171228169732,2.3413375266890015,4.629290643826768
2021-05-26,3.5606641598435775,2.475981738349548,4.628875158008901
2021-05-27,3.561889629986194,2.442837518435027,4.583607649403448
2021-05-28,3.525832945935694,2.4013336124960496,4.5371766205545505
2021-05-29,3.5340911902184686,2.366158237448052,4.565146205069649
2021-05-30,3.5421753015843884,2.4951640199665093,4.645408765001296
2021-05-31,3.57448219465595,2.4947214273063403,4.616017852991136
2021-06-01,3.5860801505015383,2.451865200715554,4.71623455020654
2021-06-02,3.6195583176029893,2.5946877701060456,4.711273147557211
2021-06-03,3.6191536906002213,2.540429140615521,4.679349472771905
2021-06-04,3.580962501221497,2.465832573711652,4.681155311973599
2021-06-05,3.587355390912006,2.447187298455776,4.660649692434224
2021-06-06,3.5932567071161765,2.4698112432152928,4.733105967948734
2021-06-07,3.6232253056740293,2.4904110372396078,4.703357848300067
2021-06-08,3.6317566880952667,2.5492931008800457,4.7058286116615475
2021-06-09,3.6618217020731523,2.637414344901256,4.734405406574192
2021-06-10,3.657003373269164,2.6025278845608892,4.776400704569878
2021-06-11,3.613323105009543,2.488717567365035,4.616086606225237
2021-06-12,3.614021308873992,2.5426125475161303,4.687937464985022
2021-06-13,3.613557764535541,2.44122630770046,4.821091993959495
2021-06-14,3.6367981562368272,2.5660844066635136,4.701755650976399
2021-06-15,3.6378291719414366,2.4569339726939567,4.807261743906515
2021-06-16,3.6601818754935365,2.482839548206157,4.752095892596211
2021-06-17,3.6469732381933277,2.5872098464123794,4.823729957750948
2021-06-18,3.5943415080261003,2.5122672849611973,4.662761294756042
2021-06-19,3.586586330285944,2.5021916026189435,4.690258422182145
2021-06-20,3.577884045272561,2.5570881200601083,4.581765998623978
2021-06-21,3.593573855118847,2.5117114101755864,4.649755612113836
2021-06-22,3.58747998653416,2.493952572411879,4.668843518455724
2021-06-23,3.6038142236132367,2.451397274415633,4.734925788683569
2021-06-24,3.5853171903585936,2.4358312102493778,4.653109500691713
2021-06-25,3.528298665360975,2.48930260836356,4.647108095772422
2021-06-26,3.51813383849933,2.4441144438806646,4.610437411174923
2021-06-27,3.508691186183759,2.4312444290386264,4.5674086591783585
2021-06-28,3.5257169995337887,2.4366151178965945,4.591413388296471
2021-06-29,3.5226645014710964,2.388628205948092,4.636220404899384
2021-06-30,3.5442766273645514,2.3974054486868193,4.631145173057576
2021-07-01,3.5327293453224904,2.432285916343479,4.622695780132541
2021-07-02,3.4842803717691435,2.415882791982009,4.534000218095173
2021-07-03,3.4851261232653576,2.4553030376898826,4.570170983838693
2021-07-04,3.4885477341152042,2.3617047150817725,4.614619371339607
2021-07-05,3.5204003879991355,2.4614475242035896,4.597309572682522
2021-07-06,3.533456552728298,2.4449732931797956,4.658232010127908
2021-07-07,3.572676713476785,2.481203865725025,4.670686382755201
2021-07-08,3.579362778210232,2.449164204291024,4.71178821268169
2021-07-09,3.549423371512714,2.431586061689793,4.599392475280958
2021-07-10,3.5695995681685564,2.442955627519873,4.683569589901069
2021-07-11,3.5923368263193387,2.563999152246262,4.631403371470857
2021-07-12,3.6433863637050825,2.4412339725315353,4.659867992663991
2021-07-13,3.674669010946986,2.5601092061039648,4.7022371611531435
2021-07-14,3.731239465991465,2.5646789045729563,4.848690372333553
2021-07-15,3.7534542509987,2.6953425562230793,4.833002556102968
2021-07-16,3.7368568053462368,2.671118360923643,4.906720994267374
2021-07-17,3.768773864764511,2.636965083253597,4.890624057532848
2021-07-18,3.800913739868528,2.6469499263542438,4.909768809888116
2021-07-19,3.8590786936194723,2.694843785634815,4.97319192478572
2021-07-20,3.894546896475432,2.6995501949025584,4.921462830097896
2021-07-21,3.952726251837921,2.8178680756039824,5.062111793830947
2021-07-22,3.973331599607811,2.863673628648472,5.124038796656012
2021-07-23,3.95188306558308,2.8449273620039603,5.075134178482806
2021-07-24,3.976665456907034,2.828844508980757,4.997007636408841
2021-07-25,3.9990443530902207,2.911198309668124,5.073866231292094
2021-07-26,4.045280257647719,2.925870159761911,5.1849846395791825
2021-07-27,4.066418964728463,3.015539799250025,5.185842220807632
2021-07-28,4.108625047947084,2.9640485738593645,5.155574960216629
2021-07-29,4.111358440683751,3.0313611257227078,5.230829759187246
2021-07-30,4.070476465974219,2.9735085399222543,5.147642330189646
2021-07-31,4.075547221389069,3.021857626333461,5.1796867602973355
2021-08-01,4.077875238899791,2.9364220459540817,5.220667413382737
2021-08-02,4.104410178081995,2.9883477681881345,5.235420246924429
2021-08-03,4.106139577025924,2.9314245268017185,5.278300833532154
2021-08-04,4.130097350330755,3.006918068166934,5.294991980924896
2021-08-05,4.1155365976303155,2.9947741603241025,5.243034412007822
2021-08-06,4.0586337655169755,2.8908596102026336,5.169556682625425
2021-08-07,4.050156119839469,2.909733917480622,5.159938547531747
2021-08-08,4.04119874006189,2.9905225477378417,5.21212903864971
2021-08-09,4.059191139584385,2.9895058545190167,5.092751248748484
2021-08-10,4.054797335119885,2.974847944460465,5.183612428862636
2021-08-11,4.075605715596213,2.9834514244614847,5.144779126136381
2021-08-12,4.060305710793737,2.927343112808394,5.147146765703856
2021-08-13,4.005002794355844,2.8996050774917883,5.2097140422120525
2021-08-14,4.001249611487747,2.9325868908349753,5.075093823640123
2021-08-15,3.9995044834859748,2.9158193613163537,5.142587063342806
2021-08-16,4.02724648253877,3.0008967858340445,5.093827920596297
2021-08-17,4.034393423295706,2.912270928837491,5.054533063643499
2021-08-18,4.068683508248248,3.0076799672883183,5.139932549588957
2021-08-19,4.067865793286262,3.0164426911246216,5.197773878139095
2021-08-20,4.027635241030982,2.890379678764773,5.15593467896781
2021-08-21,4.040035745606746,2.87253590176824,5.1091408531701115
2021-08-22,4.054647206736171,2.916536246011961,5.169303535985095
2021-08-23,4.098814752571357,3.0096059434274722,5.2070357081593
2021-08-24,4.121588833729485,3.060674395385593,5.189147677442559
2021-08-25,4.170801204873099,3.087557713318622,5.231356054308464
2021-08-26,4.183270062200555,3.0502961069012087,5.259400592859091
2021-08-27,4.154354318145187,3.0453724737510193,5.1448262145745725
2021-08-28,4.1767260164712,3.0014472673092065,5.261528896103665
2021-08-29,4.1992818623483235,3.066685055930819,5.267134975733444
2021-08-30,4.2494809866125705,3.1526570880811193,5.371107950359715
2021-08-31,4.275800196269914,3.161651432459979,5.401761212786758
2021-09-01,4.326496196138379,3.2820531376663165,5.487198167365074
2021-09-02,4.3378163717537666,3.1731546289701664,5.4667541235730654
2021-09-03,4.305162572826526,3.1444431810487536,5.437525219809916
2021-09-04,4.322222782140123,3.2690513058074324,5.39787033768813
2021-09-05,4.337596814113739,3.278517931165651,5.394373568903502
2021-09-06,4.379232458301093,3.2537740569081612,5.51164838932433
2021-09-07,4.395386121566229,3.3184234269309414,5.500043322266249
2021-09-08,4.435062182914871,3.3335383151074756,5.505618963858643
2021-09-09,4.43422121474394,3.2971765501334667,5.543486819668245
2021-09-10,4.388546184473789,3.303407356069337,5.532611982127174
2021-09-11,4.392927588784111,3.296071969807485,5.4833443567947535
2021-09-12,4.395798983897075,3.271094403722529,5.535398139474868
2021-09-13,4.425668732770748,3.3139096841101225,5.416815330929206
2021-09-14,4.430584891206094,3.3732164425746203,5.43868126766991
2021-09-15,4.4602521978476,3.392489593882625,5.603834432570008
2021-09-16,4.450239862257888,3.2823712006502763,5.566887932151831
2021-09-17,4.396353872109623,3.276667221825896,5.452159692735646
2021-09-18,4.394480729051674,3.272993593183337,5.496615209281677
2021-09-19,4.392639246669954,3.252731012107831,5.469403185435522
2021-09-20,4.419615452707929,3.3154375559144262,5.493271667296099
2021-09-21,4.4229401716710175,3.299954040676217,5.5071341386607005
2021-09-22,4.4526927657591076,3.364890629826053,5.601114027965643
2021-09-23,4.443718013439603,3.418973506697705,5.5203661274251905
2021-09-24,4.391614188301399,3.333656418729432,5.518584127848308
2021-09-25,4.392944936777964,3.2833096431648023,5.489792076877229
2021-09-26,4.395016494368047,3.2780369496094073,5.432769897306875
2021-09-27,4.4266242518691294,3.390677672474245,5.508087950087463
2021-09-28,4.434550668600008,3.293897698766378,5.4694670966641175
2021-09-29,4.4690623153149,3.39814840913455,5.557717772285134
2021-09-30,4.464141133728662,3.4034783985902406,5.530959440304682
2021-10-01,4.415092174845865,3.330346870143672,5.598755535598847
2021-10-02,4.41912600089136,3.348587397909406,5.506813488840558
2021-10-03,4.422862135781997,3.3070512185649847,5.51521563374143
2021-10-04,4.455186527522119,3.417490218002042,5.556230435087391
2021-10-05,4.462267466580333,3.375041952252582,5.583916291012902
2021-10-06,4.494742116749397,3.4210531593702846,5.640476262605185
2021-10-07,4.485956962763996,3.321055675743912,5.5615341486419885
2021-10-08,4.431188783677377,3.3847281853118805,5.591414896758094
2021-10-09,4.4285901035324065,3.249771185036787,5.53353572762877
2021-10-10,4.424410558261536,3.2147020209277146,5.412885749273478
2021-10-11,4.447956324998716,3.4133599093028013,5.612017083501684
2021-10-12,4.445114751695251,3.3254741696234387,5.582614568319685
2021-10-13,4.467220973004067,3.320006560069952,5.52142068847374
2021-10-14,4.447298291595279,3.4466138108008724,5.546432781127082
2021-10-15,4.38088353299861,3.3006216357951814,5.439956601144582
2021-10-16,4.367327332413309,3.1981907159807283,5.3789787628601164
2021-10-17,4.352726067902038,3.1754743847898417,5.412850298366541
2021-10-18,4.366976965845743,3.2502664310558083,5.406619715279352
2021-10-19,4.355806377384983,3.2713828916312733,5.507194160885772
2021-10-20,4.3713127740402165,3.197587009029,5.461118474669242
2021-10-21,4.346204811658375,3.1957926113055586,5.4873485200675
2021-10-22,4.27623032498704,3.191091208927888,5.28725899750011
2021-10-23,4.26183223210162,3.2108625391726497,5.396229861790262
2021-10-24,4.248793311204589,3.081701181518205,5.407504406124095
2021-10-25,4.267390687762399,3.206447556596073,5.365117743783679
2021-10-26,4.262932785922531,3.1997541435195895,5.416369377762539
2021-10-27,4.287984914191451,3.2272098364976203,5.415032332455686
2021-10-28,4.274612233404862,3.115587131229396,5.337581671790487
2021-10-29,4.218420426680027,3.0525981215581295,5.3453847920799005
2021-10-30,4.220575854469078,3.116690986950349,5.338892082084292
2021-10-31,4.226172174473024,3.0968998239589234,5.305705794604238
2021-11-01,4.265493338105546,3.151982552136974,5.370618324863737
2021-11-02,4.283068233377597,3.1888512765426755,5.425191243348538
2021-11-03,4.331587532311622,3.274304774846926,5.41368093335408
2021-11-04,4.3421596680832995,3.225924410483764,5.480279733095169
2021-11-05,4.309970515107861,3.2550769168409373,5.478532140807771
2021-11-06,4.336674178425657,3.174437747539477,5.425631813904453
2021-11-07,4.366486736562223,3.351976501205571,5.482279558639729
2021-11-08,4.42956180210149,3.2706891754978287,5.436910744310536
2021-11-09,4.469565599097393,3.384181452379506,5.582911150452324
2021-11-10,4.539286453276358,3.48619104617828,5.676847523974619
2021-11-11,4.568903784314101,3.403483620348918,5.756539795092979
2021-11-12,4.553265450833672,3.443670053965321,5.610624830705458
2021-11-13,4.594646537337039,3.3503161040676246,5.650451931915099
2021-11-14,4.636566384771871,3.56862760643852,5.7044262917117035
2021-11-15,4.7092718049460105,3.6538171527385335,5.765673862416168
2021-11-16,4.755826756976717,3.641100696271931,5.83584740077496
2021-11-17,4.829407891112471,3.7555229330164064,5.912471917726799
2021-11-18,4.859579401389959,3.7751561485815657,5.993833342163494
2021-11-19,4.841180514302011,3.7716752656828487,6.019858371354672
2021-11-20,4.877444589873621,3.7484902897989776,5.980097086473766
2021-11-21,4.911531798090741,3.78983656261281,5.969927437761774
2021-11-22,4.974112584296677,3.8281323511580485,6.157873370527385
2021-11-23,5.007964966510856,3.9649330365625315,6.1520495147796765
2021-11-24,5.0669497483978,4.011252604797659,6.2059411824516335
2021-11-25,5.08028558944074,4.013156472079718,6.219527644258331
2021-11-26,5.0430418591250605,3.9954192292173265,6.1426428023081145
2021-11-27,5.0596142340817725,3.9795187678666224,6.163312003780099
2021-11-28,5.072970227990768,4.019444258631868,6.132109236342287
2021-11-29,5.114331175936136,4.0782328557690875,6.220348432564159
2021-11-30,5.126276484511236,4.035083469759037,6.151416434603546
2021-12-01,5.16339888294155,4.025911633498953,6.20351034582282
2021-12-02,5.154581061222351,4.105160662291391,6.205124789843303
2021-12-03,5.095096139653954,3.9199794811524624,6.307372981710942
2021-12-04,5.090442806003926,3.9530541919484365,6.181786928964092
2021-12-05,5.083307412210031,3.9483100077050457,6.189813583985891
2021-12-06,5.105348720508867,3.973350567484804,6.253276902481006
2021-12-07,5.098813728224815,4.01243147996346,6.268796462916367
2021-12-08,5.118877802004764,4.058896978794798,6.165939266345281
2021-12-09,5.093927795212807,3.9892260626465728,6.25358679456083
2021-12-10,5.019274957906339,3.985775183158826,6.177047832911477
2021-12-11,5.013792992693414,3.9728259036350804,6.171980836446181
2021-12-12,5.00716108986044,3.911586842243197,6.141397768681491
2021-12-13,5.031549111896138,3.88228385164146,6.036841215780298
2021-12-14,5.028376994060325,3.9110575652399224,6.136270827680617
2021-12-15,5.053754898256676,3.9713406258209,6.2063726394913346
2021-12-16,5.034591598167949,3.9517569362532146,6.14268040933096
2021-12-17,4.965726800551143,3.917338085747761,6.0476560767338805
2021-12-18,4.956203894352674,3.8023705003363393,6.105683709771462
2021-12-19,4.9468854839692025,3.774249800811447,6.091962316760433
2021-12-20,4.970728359694179,3.9021222378705867,6.102555808373012
2021-12-21,4.967625701479454,3.871007352559187,6.0336599391451
2021-12-22,4.995077310322389,3.891754631580396,6.127690164125676
2021-12-23,4.97810913420943,3.893378063451689,6.072322531637657
2021-12-24,4.911406267903113,3.8292462550342523,5.964220472187444
2021-12-25,4.906710197410955,3.78882222182348,6.0407579713668085
2021-12-26,4.903353293942671,3.7676567766379194,6.005987147470056
2021-12-27,4.935063435375673,3.7817495765896667,6.017342218484685
2021-12-28,4.940187541939825,3.88946883350222,5.97103962125788
2021-12-29,4.9775897525614505,3.786379025881239,6.184823791340314
2021-12-30,4.970380348612,3.8105327270125144,6.179932541929517
2021-12-31,4.913048163160975,3.8201753265556975,6.000571667755946
2022-01-01,4.919981591760766,3.8082700318431804,6.057723926597032
2022-01-02,4.928921903302245,3.857125359250729,6.069059638287087
2022-01-03,4.974297976720626,3.8884778667971736,6.041745407278232
2022-01-04,4.992832240255051,3.8614378729485064,6.148189917342306
2022-01-05,5.044668447744149,4.049443445256909,6.119628926184176
2022-01-06,5.05091219161569,4.045707316774387,6.077468212497942
2022-01-07,5.0057653812098115,3.8724074736887597,6.111188812375358
2022-01-08,5.026174060217214,3.9605063174145414,6.107370261213474
2022-01-09,5.04820385174947,3.8561573680256713,6.214917958308333
2022-01-10,5.106908287934636,4.027469468198995,6.198374131121924
2022-01-11,5.1373206651037275,4.002014444809989,6.247804446263396
2022-01-12,5.200814836690112,4.142760925678663,6.317094823048181
2022-01-13,5.21646050567958,4.085265138997848,6.3349265127495356
2022-01-14,5.178162609215625,4.0679708641526755,6.3685754267478005
2022-01-15,5.205438308878379,4.141867564685801,6.33735848304971
2022-01-16,5.23271635983085,4.098661257270601,6.318986159713688
2022-01-17,5.295740158059463,4.183085967157473,6.390565258448322
2022-01-18,5.327945902161697,4.270741745382231,6.394659069322154
2022-01-19,5.392056012965134,4.279639561164644,6.496844368114615
2022-01-20,5.405248012990658,4.300047252299642,6.517209476411872
2022-01-21,5.36129682601309,4.326970459515675,6.442698409124621
2022-01-22,5.3824781797194285,4.211683924839442,6.508157551673154
2022-01-23,5.401788424706406,4.330666116688172,6.588027293773635
2022-01-24,5.45587819106939,4.404891361531465,6.587983830875171
2022-01-25,5.476812216351276,4.434800160097675,6.7080994334245805
2022-01-26,5.528890340621142,4.441735074837432,6.645112158798217
2022-01-27,5.527624648106621,4.433978656810765,6.714957371488765
2022-01-28,5.466879232346617,4.437697268236908,6.624704323044452
2022-01-29,5.471894593789339,4.38917558721496,6.648195503761073
2022-01-30,5.474422682129724,4.389659600663533,6.565677616189221
2022-01-31,5.51218628331703,4.349135052502853,6.659683102219229
2022-02-01,5.516016131682958,4.352254734413274,6.574147236890369
2022-02-02,5.551895732775612,4.448862803242692,6.615465565779237
2022-02-03,5.533743774552833,4.439419227437277,6.59461757872236
2022-02-04,5.455549220967475,4.322810418479577,6.571708551050512
2022-02-05,5.445515499240862,4.279834773040387,6.588595921181633
2022-02-06,5.43411054203586,4.3701809082480585,6.599322196721168
2022-02-07,5.460052684496793,4.295414867268299,6.547558290086175
2022-02-08,5.452826835101706,4.313130773043013,6.5449989494035
2022-02-09,5.479955857843821,4.313460180390778,6.570195846679727
2022-02-10,5.453591874820939,4.341790928264554,6.533451755156676
2022-02-11,5.3676511062798635,4.195019887097751,6.444570665758245
2022-02-12,5.353082943021534,4.270584125592809,6.439416704782586
2022-02-13,5.338840621138445,4.251514230307874,6.423448637330605
2022-02-14,5.364399641575209,4.175055022343057,6.501339092890937
2022-02-15,5.357659221653687,4.249944820696677,6.4656739926904825
2022-02-16,5.387446489980365,4.311088379748715,6.511035734886223
2022-02-17,5.363922784797588,4.299391989305462,6.580120467170622
2022-02-18,5.280724018432631,4.212241608487227,6.393008757191898
2022-02-19,5.271359917402583,4.172525156180045,6.378336219762808
2022-02-20,5.263109961597334,4.216116022149448,6.391903402249162
2022-02-21,5.296078170728194,4.249250729316488,6.330517026564855
2022-02-22,5.296482779340732,4.2444307815324045,6.435663802612775
2022-02-23,5.334395198105313,4.195667029658874,6.370530000977103
2022-02-24,5.317962214127496,4.277192276520417,6.432194693459609
2022-02-25,5.240551711530661,4.101834536687812,6.353733513974878
2022-02-26,5.2382808418492495,4.194277265452225,6.317865837686127
2022-02-27,5.236834958853652,4.0982212216497445,6.348812802739125
2022-02-28,5.277055540894664,4.186874643794429,6.327791636842899
2022-03-01,5.283613995012246,4.162679979693808,6.356212622967683
2022-03-02,5.327980552337881,4.154361859604699,6.442178509906375
2022-03-03,5.3164569488017905,4.109750444512696,6.426396734234758
2022-03-04,5.242321658236431,4.0584876349871175,6.314083091731623
2022-03-05,5.244480908273317,4.090620938679298,6.370539621427213
2022-03-06,5.247204473869397,4.150190479307189,6.372467444720343
2022-03-07,5.2922407378682195,4.132156197252681,6.395552440104472
2022-03-08,5.302868953675977,4.165742364324426,6.43987742805117
2022-03-09,5.3520929099596515,4.253105899953825,6.479603375955174
2022-03-10,5.344479596285181,4.2378354150678,6.497285225887608
2022-03-11,5.2733002661750215,4.151369125570324,6.388597059298344
2022-03-12,5.280301547723185,4.2046242651522805,6.390540435249168
2022-03-13,5.288356367170493,4.209512889402364,6.346533421429817
2022-03-14,5.340105499979861,4.3061786508007325,6.560989168706377
2022-03-15,5.357388750560337,4.303271866041737,6.4147334091564705
2022-03-16,5.414664941541684,4.359145166433711,6.474112604161858
2022-03-17,5.414659172466109,4.257206070517861,6.477195791984246
2022-03-18,5.350503296335456,4.29005325855178,6.394507585359806
2022-03-19,5.366631575141599,4.211476154059694,6.469025614672814
2022-03-20,5.384351913442638,4.301962163817087,6.607031139748043
2022-03-21,5.447019648609331,4.344545012092812,6.551168981081019
2022-03-22,5.474853784626228,4.335847948700366,6.51814197048402
2022-03-23,5.543589637175494,4.479876889611989,6.727006121043307
2022-03-24,5.553941008776161,4.44172142737912,6.710498286514231
2022-03-25,5.498746190687043,4.364957512595617,6.544994807867984
2022-03-26,5.524993864731424,4.469002939842213,6.676290429739748
2022-03-27,5.552319749775009,4.413397443876513,6.723209610313367
2022-03-28,5.624716964532512,4.498389543480277,6.7092389613110335
2022-03-29,5.660740730767284,4.504901980779828,6.672805862048123
2022-03-30,5.737396050206119,4.653679784736743,6.898618685594284
2022-03-31,5.753416043006941,4.635610314614257,6.818566657160204
2022-04-01,5.70141353744612,4.557829587287693,6.739088291609128
2022-04-02,5.731036077299135,4.681795733710521,6.808247250420887
2022-04-03,5.760385656171295,4.710526668426626,6.79340409120001
2022-04-04,5.834262199765369,4.701182139017647,6.9537994303643
2022-04-05,5.869752249607798,4.85036742895117,7.002045580241962
2022-04-06,5.945346273005915,4.83185321798958,7.095361365072834
2022-04-07,5.958027011989909,4.895608229913762,6.970383964545911
2022-04-08,5.900419935233078,4.756874655930743,7.026337109475059
2022-04-09,5.925070254227228,4.847516332593733,6.9829757685555744
2022-04-10,5.94877849312215,4.865368199800769,7.057392732753531
2022-04-11,6.017369905712141,4.975753973440299,7.142157897371328
2022-04-12,6.046660246480391,4.951487655854649,7.168553532407515
2022-04-13,6.116796329651132,5.006017635308717,7.163477479965297
2022-04-14,6.123148718634199,5.048878487426098,7.161573737908228
2022-04-15,6.058456269365621,4.97326569741866,7.165300638201641
2022-04-16,6.07822144336005,4.970735845640924,7.178166132043993
2022-04-17,6.0979591890255955,5.050856850818194,7.184719245702158
2022-04-18,6.164491051165857,5.042538098800587,7.269741409630232
2022-04-19,6.192288124522014,5.105499426300249,7.343801981440461
2022-04-20,6.263036309489175,5.176332815442016,7.306623708217644
2022-04-21,6.270336115538312,5.1209248958311,7.363516285538082
2022-04-22,6.2068453277140145,5.158582787672432,7.320969287303961
2022-04-23,6.2167103849771355,5.034412473244109,7.325696105526913
2022-04-24,6.227951740463218,5.1469384003982706,7.357165418024368
2022-04-25,6.287787777488688,5.159075781212695,7.462877478447104
2022-04-26,6.309520576363427,5.212194345168337,7.451679694352091
2022-04-27,6.375420209282644,5.275983313101984,7.544541596160363
2022-04-28,6.378198214205866,5.41056916956769,7.458959314117214
2022-04-29,6.310709992671906,5.156985855798705,7.3596718485794765
2022-04-30,6.331289666755286,5.253408877692523,7.4101531049298055
2022-05-01,6.353332997376062,5.359284190040238,7.547768992604228
2022-05-02,6.423864905030451,5.239417868368066,7.588499334353861
2022-05-03,6.455808911767679,5.390747869091864,7.4730048524801616
2022-05-04,6.531305401211321,5.367201721392041,7.604017961165196
2022-05-05,6.54268702402883,5.389518130009455,7.5697820135061615
2022-05-06,6.482595530943171,5.4212493319243436,7.63712851626932
2022-05-07,6.509414075312263,5.453971833629288,7.615043232372022
2022-05-08,6.5362771539773625,5.444902267923139,7.567507186563991
2022-05-09,6.610174681109309,5.571799556042901,7.699952915462968
2022-05-10,6.6438471694084535,5.5453056235688925,7.761138122643156
2022-05-11,6.719531921278024,5.57903975433447,7.828491134517258
2022-05-12,6.729433368225735,5.66409012400143,7.807036515490265
2022-05-13,6.666246588887869,5.53816595332126,7.775113078106229
2022-05-14,6.688678790540928,5.589190809896382,7.736284921705938
2022-05-15,6.709877743160158,5.700479238671826,7.820688957911519
2022-05-16,6.77706387845709,5.745523973308634,7.821159757416815
2022-05-17,6.803042950003651,5.668401274497764,7.855169140400568
2022-05-18,6.870372423093764,5.823300671405053,8.007318943879131
2022-05-19,6.87131978959498,5.695544547939908,7.957351413260433
2022-05-20,6.798786810840527,5.637318289768805,7.936760674166997
2022-05-21,6.811915411742923,5.674466917996437,7.864304585486085
2022-05-22,6.823931195780131,5.764973721141259,7.942041593900044
2022-05-23,6.8823016307235205,5.82086632943677,8.046311181040164
2022-05-24,6.899865798052067,5.810115157310819,7.919027943314674
2022-05-25,6.959422168371037,5.854790810157624,8.09862715558101
2022-05-26,6.95317763388073,5.842226698174095,8.109202112719416
2022-05-27,6.874076703650425,5.72334159989092,7.956174608670008
2022-05-28,6.88149740603828,5.741723216328506,7.898145203602284
2022-05-29,6.888516687179174,5.784603642973806,7.975522894128651
2022-05-30,6.942602491764366,5.74205534249059,8.037560177394951
2022-05-31,6.95636918067538,5.85461757763008,8.028985541994194
2022-06-01,7.012595778911406,5.879316635707109,8.105720542650317
2022-06-02,7.003175038410148,5.9241590281732,8.062212789601835
2022-06-03,6.920856830684469,5.768909483308735,7.9539632550466015
2022-06-04,6.925042938731108,5.851857888336456,8.014360669642588
2022-06-05,6.928482566896991,5.749717429671034,7.972008080260988
2022-06-06,6.978505617174032,5.75645030182732,8.018106224424328
2022-06-07,6.9874098980535155,5.89396082490318,8.08578492005404
2022-06-08,7.037914572405567,5.876587563399275,8.177819914716284
2022-06-09,7.0216124035723775,5.8678923557570855,8.196665090767452
2022-06-10,6.931128789932565,5.75281025995225,7.958081097988851
2022-06-11,6.9260150986163955,5.771858165934208,8.037811871556096
2022-06-12,6.918872116172822,5.890678867327536,8.04624758444929
2022-06-13,6.957120551358727,5.9395003107614635,8.074267245890072
2022-06-14,6.953014347428696,5.842084209075924,8.070954705241633
2022-06-15,6.989522056916762,5.880737526842149,8.070594766358262
2022-06-16,6.958273596887451,5.817416636447093,8.08961445030946
2022-06-17,6.852125080563267,5.753008591345532,7.980529569794338
2022-06-18,6.831139947548373,5.7769223574380435,7.921510942167505
2022-06-19,6.808129012603965,5.804270908286993,7.880735747906294
2022-06-20,6.830946582155027,5.713270203809635,7.940478288460127
2022-06-21,6.812118329512478,5.647019566839298,7.909624203098374
2022-06-22,6.8351394758967094,5.761748292846935,7.956878626714368
2022-06-23,6.791905696686079,5.639559526022932,7.89926251715984
2022-06-24,6.6756744820347755,5.585244502477391,7.7049946862496075
2022-06-25,6.6471261883396595,5.536758202392384,7.73117580274029
2022-06-26,6.61931447118686,5.525908261328146,7.694344103754023
2022-06-27,6.640483688918588,5.490868377338232,7.708733357412628
2022-06-28,6.623309077473127,5.452868911041954,7.731194800704484
2022-06-29,6.651611657874779,5.541543188693936,7.77481206563036
2022-06-30,6.617275457148715,5.5324066208856095,7.856790298092338
2022-07-01,6.513609801873359,5.475510362788798,7.602579966572961
2022-07-02,6.501496867862254,5.371459074744434,7.631080496987785
2022-07-03,6.493761116796627,5.430060883384739,7.5750023336843135
2022-07-04,6.538518457831773,5.438341674002666,7.662508978269782
2022-07-05,6.54804079722978,5.475456540401602,7.588574932310884
2022-07-06,6.6059010543297685,5.481726732152698,7.6983458726027765
2022-07-07,6.603391046107646,5.498856581598534,7.713136795480682
2022-07-08,6.533299656126569,5.429863786932868,7.561222550450004
2022-07-09,6.5561620212620895,5.484253925523365,7.643263213279649
2022-07-10,6.58406289723943,5.474670229560076,7.716136971183752
2022-07-11,6.664531878316926,5.587828992732078,7.7324538407932755
2022-07-12,6.70904559489269,5.609496958676592,7.857485515599145
2022-07-13,6.800614703817643,5.700702706321795,7.954329850235672
2022-07-14,6.829712546791121,5.788095943694223,7.968459392262948
2022-07-15,6.788477243087341,5.730157859450043,7.924189598745455
2022-07-16,6.837068245041904,5.630613802070596,7.9814860847575755
2022-07-17,6.886906851699143,5.765672625070682,8.026532414586649
2022-07-18,6.985118062616376,5.894668257539301,8.060690726001724
2022-07-19,7.0426682953041695,5.993993113466845,8.175232433981973
2022-07-20,7.142389528711089,5.99913289490203,8.316412668443846
2022-07-21,7.174411305156663,6.078419541307607,8.207689316039975
2022-07-22,7.130776862660709,6.056753035290051,8.28881391175854
2022-07-23,7.171894944267053,5.962264409380722,8.253351874454774
2022-07-24,7.20920339988009,6.174743579679295,8.368764273431708
2022-07-25,7.290142010475678,6.079165764851787,8.45221024274797
2022-07-26,7.325908845886909,6.17841398173536,8.402312512528797
2022-07-27,7.399903890942395,6.32406853275193,8.436959232689105
2022-07-28,7.402646379729137,6.291678926046807,8.458743521065639
2022-07-29,7.32678707957905,6.208724053604307,8.388620068376978
2022-07-30,7.333638054748342,6.267017090405136,8.415121375739567
2022-07-31,7.335243099267507,6.145285872678495,8.495767747102535
2022-08-01,7.379866746895325,6.255601164219004,8.406330614640366
2022-08-02,7.379356351857111,6.21706414008524,8.378445788730298
2022-08-03,7.417994495968145,6.360705748899429,8.542587207537554
2022-08-04,7.386893461719079,6.250470156854061,8.433760626028423
2022-08-05,7.279398210788936,6.144988988108761,8.387442508580929
2022-08-06,7.257691538773135,6.114260762731603,8.438408736511843
2022-08-07,7.234271751618655,6.133887091781519,8.365803532846625
2022-08-08,7.257961253844646,6.167376797258701,8.342740254942917
2022-08-09,7.240880650253504,6.2029099044477105,8.341484976026846
2022-08-10,7.267718986261851,6.221079071098263,8.399302016371312
2022-08-11,7.229616941774771,6.185844658792965,8.314628530309196
2022-08-12,7.119974324076226,6.105155465426316,8.147138388975474
2022-08-13,7.101146319636244,5.876729885339704,8.23695406103653
2022-08-14,7.085345604049614,5.965597115266119,8.157041777177882
2022-08-15,7.121188740023152,5.999995097363455,8.249043086909959
2022-08-16,7.1203011026550165,6.012769344711325,8.202150880224327
2022-08-17,7.167023840440994,6.106640367365742,8.310280297757663
2022-08-18,7.151804273395371,6.170408113621321,8.266092640044368
2022-08-19,7.06742550125171,5.9333956509469745,8.180900643568226
2022-08-20,7.075810015507458,5.958445865895663,8.11899283257792
2022-08-21,7.08836074840777,5.92160106018126,8.232748665434341
2022-08-22,7.153057655558227,6.01806615965456,8.229717149791673
2022-08-23,7.180703392577233,6.069281485743377,8.296468051983553
2022-08-24,7.255074226407807,6.126819963946651,8.364596416929336
2022-08-25,7.26582198993618,6.233539623389906,8.38603568619653
2022-08-26,7.205127177892457,6.08429377745737,8.238168381519865
2022-08-27,7.234608288515064,6.110016402216965,8.369319155245362
2022-08-28,7.265097234750281,6.165477150273068,8.396978161996257
2022-08-29,7.344278723452431,6.248876878827823,8.457189613177702
2022-08-30,7.382566693656858,6.299327174772125,8.502674861388408
2022-08-31,7.463686864888826,6.342491124683828,8.536273323916738
2022-09-01,7.477075950595177,6.371623883398506,8.626210226521813
2022-09-02,7.414942350558153,6.388025003326839,8.461481936615037
2022-09-03,7.439264169395037,6.405855327958192,8.513802157381615
2022-09-04,7.434950648163474,6.316127125920873,8.542309543500902
2022-09-05,7.475639670982175,6.342912329521247,8.644610796820473
2022-09-06,7.4724715353915965,6.357238129668269,8.489728618966701
2022-09-07,7.509023107736402,6.344099986416267,8.587322657935706
2022-09-08,7.476580051434224,6.335485998498168,8.557089117758718
2022-09-09,7.368757861819694,6.239225274107598,8.411925909555848
2022-09-10,7.345146983201716,6.222756433230839,8.365952885312343
2022-09-11,7.318699244715206,6.270678948745308,8.555594705259509
2022-09-12,7.336597612961657,6.2520624130685665,8.48182879773874
2022-09-13,7.312540221885018,6.255461659953259,8.474894619800251
2022-09-14,7.328614101587523,6.155115233777819,8.478353510046771
2022-09-15,7.279038474468842,6.051569260572216,8.365654337314702
2022-09-16,7.157922317546085,6.071427986204636,8.28658612544663
2022-09-17,7.121360174195829,6.057259509271725,8.308312997205197
2022-09-18,7.084517305116214,5.989094323378284,8.229850538979276
2022-09-19,7.093545959366925,5.915303981539348,8.183911243133075
2022-09-20,7.064197511259018,5.91722614993349,8.194515576264635
2022-09-21,7.076531192365857,5.973922419953008,8.209010099232525
2022-09-22,7.027144439054239,5.912180689623472,8.105414638824037
2022-09-23,6.910083179051789,5.8596512790802455,7.988031597046978
2022-09-24,6.877404296949881,5.771906379040018,7.980495188053657
2022-09-25,6.8459747833348805,5.730350823077628,7.964851138190107
2022-09-26,6.860448717498528,5.745858516635242,8.033047598483599
2022-09-27,6.838220236718331,5.662219581785939,7.975951244856293
2022-09-28,6.856978196479577,5.735574097108024,8.086800465066505
2022-09-29,6.815432415810362,5.669165659987954,7.904034143693759
2022-09-30,6.707383238891762,5.618746533023536,7.786450034484253
2022-10-01,6.680754758870932,5.585318976480417,7.754114045921325
2022-10-02,6.654109542548915,5.5601634907324495,7.744778388486941
2022-10-03,6.6706853650594935,5.49869241498734,7.691447755842911
2022-10-04,6.649685575156864,5.549583090657851,7.803487437599387
2022-10-05,6.666673898689849,5.580809284183445,7.7621616183694435
2022-10-06,6.622788639559159,5.527657939286742,7.712710219169858
2022-10-07,6.511961665381862,5.413911974542542,7.506533032436198
2022-10-08,6.47841092767553,5.278384125924692,7.513460203732745
2022-10-09,6.442858027527132,5.249637562959173,7.6013530824884645
2022-10-10,6.447611063923719,5.316827781480571,7.500444585601418
2022-10-11,6.414178241786959,5.352055256792222,7.487115467307659
2022-10-12,6.41648854818028,5.27955871561288,7.450800928138651
2022-10-13,6.358579916540435,5.2517903174461305,7.472166434400992
2022-10-14,6.234954304509256,5.172962991915238,7.305485655251159
2022-10-15,6.186517197814042,5.086047239860341,7.296772144901284
2022-10-16,6.136487049126519,5.073762258621716,7.309889826721482
2022-10-17,6.126514901220498,4.962512742867469,7.21186495009421
2022-10-18,6.0806137631656725,4.978152673757919,7.196020064574649
2022-10-19,6.071199729658295,5.014800942342506,7.1838541348799545
2022-10-20,6.005250845945829,4.9062725326045165,7.048871189131113
2022-10-21,5.877797243214376,4.725205846790122,6.9586740966849625
2022-10-22,5.826308818649446,4.762885255059237,7.019397090954795
2022-10-23,5.7762999054202,4.707024419656181,6.866816187461269
2022-10-24,5.768491074323519,4.621928812646537,6.8555163798019
2022-10-25,5.72906155402253,4.643143460377504,6.87227054840482
2022-10-26,5.7285197200016915,4.618111847103409,6.892957153226576
2022-10-27,5.676342974562971,4.461019578185384,6.76228981455186
2022-10-28,5.56761434608755,4.406387415324922,6.594181181482992
2022-10-29,5.535870523162295,4.359954532385508,6.686687180156624
2022-10-30,5.508414369579249,4.383595906579451,6.638592708750685
2022-10-31,5.52453161314608,4.414312915679137,6.601496291227927
2022-11-01,5.512078776032505,4.324427548614076,6.596049453108903
2022-11-02,5.539194932428879,4.461900442889453,6.608421943432745
2022-11-03,5.517433633009719,4.310887473847665,6.606424866878068
2022-11-04,5.441555854650292,4.319665433985976,6.507748025417176
2022-11-05,5.440846895698356,4.368188908822551,6.555142348587157
2022-11-06,5.444143669069457,4.360425783885345,6.534185868758149
2022-11-07,5.489111489411928,4.432110084638267,6.606598420459297
2022-11-08,5.5051709046120525,4.370106814236961,6.614924747200392
2022-11-09,5.558052246036622,4.47820383389507,6.5825200208767525
2022-11-10,5.561419258463213,4.494811028711552,6.655865493298064
2022-11-11,5.509816252630093,4.392552556582269,6.558623353532467
2022-11-12,5.52845000693806,4.549974808452342,6.609983154127268
2022-11-13,5.547926421636791,4.406490271120395,6.724964059265337
2022-11-14,5.604580608025095,4.424715888708017,6.717257026686401
2022-11-15,5.629734660575436,4.422708827009669,6.703496707055794
2022-11-16,5.6870861153791035,4.588969598818628,6.672628792522665
2022-11-17,5.6928137356352435,4.632121382029458,6.747775238365736
2022-11-18,5.641668920149178,4.583002798088169,6.684540190719939
2022-11-19,5.6552125386236245,4.488529531882844,6.773644566158111
2022-11-20,5.66625101397707,4.568758329691539,6.817444664386215
2022-11-21,5.710210173870901,4.598133870045168,6.884779599860161
2022-11-22,5.720715051153869,4.5659073835925135,6.756678721733587
2022-11-23,5.759804174575748,4.647923455544867,6.751191972863127
2022-11-24,5.746510448900087,4.681595670975895,6.827465903931564
2022-11-25,5.676090917654722,4.557275336392116,6.656067810449851
2022-11-26,5.666713896407504,4.5241566223533045,6.799382458090664
2022-11-27,5.653591181383536,4.566823346052397,6.780536554948305
2022-11-28,5.671393723137687,4.506922656231379,6.7656808208028165
2022-11-29,5.656152865456109,4.555536578411603,6.731810983215358
2022-11-30,5.668301179938381,4.526663895155025,6.740451608839434
2022-12-01,5.629730370183739,4.547621703899365,6.711711175052879
2022-12-02,5.5361624214090215,4.408219163461619,6.593074142327997
2022-12-03,5.502291026247327,4.357509989589221,6.617557984439466
2022-12-04,5.465614713466425,4.385800118477068,6.702306339409857
2022-12-05,5.4598997584180236,4.316285749155366,6.532670072357873
2022-12-06,5.423408707549501,4.281004685155262,6.513619690870079
2022-12-07,5.414773844402971,4.370439509453551,6.48055249116871
2022-12-08,5.358538255795513,4.20586873662247,6.446789598192854
2022-12-09,5.250674374397,4.127471430876171,6.372140604629601
2022-12-10,5.202185402183814,4.1035692428096615,6.3418033384571695
2022-12-11,5.152644612070049,4.120859628765236,6.2725417920474715
2022-12-12,5.134710166017375,4.010945452550771,6.2989812355900545
2022-12-13,5.088684909453068,3.890825445468918,6.223661018240986
2022-12-14,5.071225688960687,3.9902440596496995,6.171176170701929
2022-12-15,5.009369987886578,3.8705090751588203,6.189554144032565
2022-12-16,4.899203436660435,3.731565879991754,6.054715765831568
2022-12-17,4.847921984744401,3.729888060369059,5.920133343782176
2022-12-18,4.797077337857923,3.6068396397863878,5.8380742018765615
2022-12-19,4.778142918930587,3.7627295186742646,5.861697081873103
2022-12-20,4.733403522633802,3.5148661096062264,5.864552178491121
2022-12-21,4.717498530823111,3.5775782097403805,5.752838160257395
2022-12-22,4.659931734525216,3.5478451722971336,5.729291379992619
2022-12-23,4.556885124682753,3.414318549770763,5.68676636133449
2022-12-24,4.511738951002948,3.45380902474996,5.670241120191611
2022-12-25,4.468020389432834,3.31004565279693,5.667220628792758
2022-12-26,4.456017823333658,3.4151399928911816,5.544769940075168
2022-12-27,4.41999773639318,3.270273183633781,5.51669083795141
2022-12-28,4.412579510908414,3.3315308201626794,5.417429455876027
2022-12-29,4.3657265183856,3.2327118782890105,5.477335649478027
2022-12-30,4.275704742013114,3.1984644820091086,5.358258038136377
2022-12-31,4.242059794233066,3.19773192802316,5.359272251122912
2023-01-01,4.210268436415647,3.0558709817297176,5.373854279050715
2023-01-02,4.209401359539104,3.0920742521382993,5.300704658863585
2023-01-03,4.185668037090525,3.064391415947794,5.254864267339187
2023-01-04,4.1896243338724135,3.042096120056483,5.268347851124548
2023-01-05,4.155646543135856,3.1466553738505105,5.268228154325774
2023-01-06,4.080036895838741,3.0172024641009405,5.207415525130347
2023-01-07,4.058459881631234,2.9850196807672655,5.15460706230193
2023-01-08,4.038299156472514,2.9883851866043223,5.111502862759458
2023-01-09,4.047371443606349,2.928070760569682,5.128066788830106
2023-01-10,4.033801942729,2.8682226925024836,5.194763104779376
2023-01-11,4.046067211903993,2.938725524644598,5.163386544878428
2023-01-12,4.020954375219095,2.924815973260777,5.1621893950434306
2023-01-13,3.954815407287818,2.787439870441039,5.025315832089471
2023-01-14,3.939464225031266,2.8620145956706287,5.022168305058718
2023-01-15,3.934431296101928,2.8491745583847194,5.025901302840336
2023-01-16,3.9563362041797734,2.906218407672596,5.06546229163052
2023-01-17,3.955126202827908,2.9053651052548366,5.031545212095921
2023-01-18,3.9776098706687093,2.8405836942631155,5.178955497841858
2023-01-19,3.962489463688975,2.946037465848168,4.940475157622336
2023-01-20,3.9059394919135784,2.761930218704757,4.9859339792719455
2023-01-21,3.8973875958943136,2.820137271652833,5.071546571183115
2023-01-22,3.8876272848027247,2.767047839450135,4.922585621568983
2023-01-23,3.9028794874609667,2.8770658628046757,4.966260814870248
2023-01-24,3.8943373535105708,2.806139334393971,5.059184263833797
2023-01-25,3.907839494236921,2.8263746441920756,4.991513174665427
2023-01-26,3.883645914987045,2.8199524862116525,4.955668384013792
2023-01-27,3.8181793469448264,2.6901294741581303,5.035313079568995
2023-01-28,3.79894036352311,2.707672555062146,4.956299251708055
2023-01-29,3.7780456503478446,2.662106670517391,4.831907813548278
2023-01-30,3.781278071357337,2.6679227313994174,4.864551375040027
2023-01-31,3.7611680536456067,2.6661582339290284,4.895014297463399
2023-02-01,3.762652963054879,2.653893304724366,4.829767913571756
2023-02-02,3.7275947855514757,2.5984554488784073,4.762825757444981
2023-02-03,3.6526830050640564,2.5377256967532027,4.7612013942106906
2023-02-04,3.623483413871066,2.512117843189709,4.6617852494091725
2023-02-05,3.5934020531588318,2.557449630661837,4.66948788495063
2023-02-06,3.587724618668602,2.5046959385948395,4.675866551496172
2023-02-07,3.5602359202947387,2.4076594791982155,4.686533570253297
2023-02-08,3.5548675111029078,2.438654949840118,4.628311177761394
2023-02-09,3.5149598061556917,2.4510201105478138,4.637819326656067
2023-02-10,3.4373296900236654,2.2827858107366485,4.549764874285662
2023-02-11,3.405456610428581,2.342332652739119,4.496687588488844
2023-02-12,3.3738760827936005,2.3124546064090508,4.4727770267895615
2023-02-13,3.367212522531838,2.28250934461173,4.449963495399707
2023-02-14,3.3403409440631666,2.184523371093437,4.474869886790322
2023-02-15,3.3360269672495995,2.1971128364279835,4.514721927867001
2023-02-16,3.29893734019822,2.1710945983438,4.345452075029122
2023-02-17,3.2258759736584284,2.064885751840027,4.358446209749652
2023-02-18,3.1981106423080754,2.071500628386061,4.255849784835425
2023-02-19,3.1711989127420166,2.097727014719629,4.211808969512469
2023-02-20,3.1690167189559255,2.0284992961468795,4.2881750276593475
2023-02-21,3.1474640129482765,1.9172786854308876,4.277584701475283
2023-02-22,3.1480982131049697,1.9943892979790867,4.155233044933375
2023-02-23,3.1168935241073386,2.050698362791008,4.314741322804822
2023-02-24,3.050645116287812,1.966145946526746,4.041940919079846
2023-02-25,3.028435494038438,1.9456092087556072,4.1867659893133835
2023-02-26,3.006891284122316,1.9529210255077323,4.125189817390826
2023-02-27,3.009205422971755,1.8433819751053167,4.1284776964583125
2023-02-28,2.9923841301483383,1.9006870396982043,4.040375669088379
2023-03-01,2.9968707578616467,1.8969994130233745,4.074663142083307
2023-03-02,2.9700505520077947,1.834380451467497,3.990853072439106
2023-03-03,2.908819410930402,1.834524396651128,3.979862495505345
2023-03-04,2.8901862567781786,1.71315108101696,3.9846677410425437
2023-03-05,2.8719570342772642,1.7684662006137557,4.047182125807966
2023-03-06,2.8767469857284,1.8169145676812917,3.932293676119464
2023-03-07,2.8627656555021344,1.7774594947370663,3.9516644681025554
2023-03-08,2.869428179593507,1.7765958741325647,3.911923241562764
2023-03-09,2.845602944770118,1.6380928976106275,3.9296259558369195
2023-03-10,2.7883428754563844,1.7426876676264678,3.8562667341452093
2023-03-11,2.772622306312444,1.6725416519276681,3.8866624607262725
2023-03-12,2.7574472795654015,1.7004939933903556,3.8834252817671016
2023-03-13,2.7648576072567272,1.621687402954978,3.8404686995172597
2023-03-14,2.7542502201992938,1.5855893348882468,3.939199622029019
2023-03-15,2.7639788081463084,1.6405456961378182,3.837812657628746
2023-03-16,2.744345849546544,1.568445624099326,3.8223914856869037
2023-03-17,2.6924984084386105,1.5737250983937092,3.806309570146962
2023-03-18,2.6813019314290223,1.6456485319676746,3.7685343610609854
2023-03-19,2.6708796266064385,1.5265205801381252,3.765378397922966
2023-03-20,2.682607363711618,1.4706656740747877,3.8484090594013804
2023-03-21,2.676978585868087,1.6465253739277594,3.787007112191722
2023-03-22,2.69119558164566,1.563097245424388,3.7376490848755686
2023-03-23,2.676909123629883,1.4578724645070107,3.74527149137583
2023-03-24,2.6312818663526287,1.5213401268613629,3.7922343659063475
2023-03-25,2.625001912588429,1.524946450474699,3.6931226897185745
2023-03-26,2.6192537819696686,1.5162034282935957,3.7281543321134034
2023-03-27,2.63470824073507,1.597478588852931,3.724940875180749
2023-03-28,2.632930385234553,1.5423266385122798,3.749767583458459
2023-03-29,2.649963621519178,1.488517502803169,3.799740975384622
2023-03-30,2.6388174212712583,1.5281703100638324,3.708665988377699
2023-03-31,2.5966982465085238,1.4594329627772873,3.6181695735374153
2023-04-01,2.592162230813445,1.4160256121358092,3.6681051823736195
2023-04-02,2.5875165240907307,1.4204262574969337,3.6810225487572956
2023-04-03,2.602802317671913,1.5079058375829375,3.7544289511273714
2023-04-04,2.600743899501238,1.5174568277566207,3.694904408657404
2023-04-05,2.6163227446262156,1.466877998728207,3.781805866932329
2023-04-06,2.604010476995173,1.441793672085011,3.6816042278367647
2023-04-07,2.5611641859970176,1.4293220702081166,3.7068188171716354
2023-04-08,2.5543149625379638,1.4128788117457094,3.6769200946757827
2023-04-09,2.5469963368187947,1.4358499628820087,3.589338957277604
2023-04-10,2.558717295341125,1.4658839596091353,3.6164958409824646
2023-04-11,2.553449284132124,1.4019138083006746,3.6693196625655133
2023-04-12,2.565187660743251,1.4270030935102704,3.667235737618177
2023-04-13,2.549927472605935,1.4206632522792968,3.5954858549932114
2023-04-14,2.5052212107463405,1.3487564903888107,3.597580198891815
2023-04-15,2.495601741716643,1.3211556582090385,3.585379511147193
2023-04-16,2.4858369206534707,1.4075415245826755,3.7223997007775496
2023-04-17,2.494892252499365,1.343179438452493,3.6078465208485975
2023-04-18,2.4879560767484517,1.4250519851045047,3.5979051870176755
2023-04-19,2.4979891887535457,1.3996854894263644,3.518327793481408
2023-04-20,2.482444792168172,1.4576054982919098,3.626378627342359
2023-04-21,2.4389905555718148,1.4256271757847765,3.508367598748108
2023-04-22,2.4300682570416865,1.3458250316643146,3.653508076309367
2023-04-23,2.4215772693569066,1.3321675840489704,3.504980183867382
2023-04-24,2.4318298597862955,1.326136100587572,3.591510415985646
2023-04-25,2.427117756569171,1.3229701900260045,3.4217782270228168
2023-04-26,2.4392532477949036,1.344736064720397,3.587390530798503
2023-04-27,2.4270366232757805,1.260912266209347,3.5269628676316853
2023-04-28,2.388145755496706,1.2670179969215596,3.557540226200683
2023-04-29,2.3828354863965164,1.1927448563497431,3.4762127576845976
2023-04-30,2.37805273061547,1.3102868304459847,3.3806369574798536
2023-05-01,2.3913867931774906,1.248041003501671,3.467055963534062
2023-05-02,2.390179259031234,1.3331040245638823,3.514857605326998
2023-05-03,2.405058015030658,1.287285316483129,3.57648378746722
2023-05-04,2.396153088581905,1.3066117989084984,3.447400542553762
2023-05-05,2.3611540963680575,1.2681171514915415,3.502235733380615
2023-05-06,2.358149144626504,1.2016755146132736,3.498811395459005
2023-05-07,2.3551707589510187,1.1851061087985801,3.499332358082508
2023-05-08,2.3691398923354146,1.3046850956971419,3.5788284709791487
2023-05-09,2.3685173173929464,1.3350342376770794,3.474920519680527
2023-05-10,2.382828316518991,1.3051439220306842,3.4766643184598878
2023-05-11,2.3736242994402184,1.2597475043467494,3.459415387379247
2023-05-12,2.338705221512214,1.2754702419921295,3.3714450418973256
2023-05-13,2.334094910039363,1.2653750343136598,3.473560303697272
2023-05-14,2.3290146406405414,1.2978366882435428,3.414459355069392
2023-05-15,2.339817662446749,1.2450591357226892,3.432569612522084
2023-05-16,2.3361790254490633,1.3062547306416108,3.498879419043543
2023-05-17,2.346608072287908,1.229716381430374,3.472515010576195
2023-05-18,2.3341532580105278,1.1857604780811206,3.4811461203949587
2023-05-19,2.29678733073951,1.2290943206137144,3.3466464000440244
2023-05-20,2.288517314274202,1.1597831771293305,3.3387733503578416
2023-05-21,2.279784452849935,1.200424292733848,3.4098078403055565
2023-05-22,2.2863885056038256,1.1597382104092504,3.4251033034797365
2023-05-23,2.2792158134811613,1.22412180700823,3.3429228309982704
2023-05-24,2.285739954096146,1.1969266169566424,3.450923934944369
2023-05-25,2.270470669370815,1.2139402209516763,3.3721384750193653
2023-05-26,2.231503228611645,1.1245263716428853,3.328548889119634
2023-05-27,2.2207649557609543,1.1447454073664338,3.367693075110307
2023-05-28,2.2230908553319013,1.1521150036894687,3.225505446253379
2023-05-29,2.240604099426651,1.1066264399046093,3.2794427714277377
2023-05-30,2.245083556580697,1.0922202335096776,3.3572270947859506
2023-05-31,2.2632840613842333,1.1218130892587606,3.3788464094771427
2023-06-01,2.260295908526134,1.1105797276704859,3.3479748479078277
2023-06-02,2.2337936470323645,1.1071338202700252,3.316974315536859
2023-06-03,2.2352770347737714,1.145013417871469,3.3601956395831616
2023-06-04,2.2365740332933237,1.0673099261803558,3.3612041654707383
2023-06-05,2.252979325765402,1.1386230528093566,3.3824059718888346
2023-06-06,2.256176717897017,1.1186304385526367,3.3857735678947964
2023-06-07,2.2728843968917523,1.1144021613661397,3.3768530185254275
2023-06-08,2.2680987731877864,1.0721511606501075,3.435155596479512
2023-06-09,2.239441626226664,1.171384393534797,3.3480349676913503
2023-06-10,2.2384250891429067,1.1563715513439303,3.296432558843547
2023-06-11,2.236821437220637,1.100748571898989,3.36408084999143
2023-06-12,2.249928467789295,1.2014541438998783,3.358779352289524
2023-06-13,2.249405071707897,1.2309716139941267,3.396957572293905
2023-06-14,2.26201758216107,1.1873618489448794,3.3627107763580932
2023-06-15,2.2527657329016106,1.1291019068179715,3.250583043906382
2023-06-16,2.2193254565251803,1.1242514043546612,3.2863965198743363
2023-06-17,2.213334803517355,1.1891351252373419,3.3250335398265753
2023-06-18,2.206627116172881,1.07297457470769,3.3571724135725223
2023-06-19,2.2146196455059974,1.0214114692174,3.2948906963156053
2023-06-20,2.2090585557379994,1.0988418349499594,3.3078265140216305
2023-06-21,2.216862622341026,1.1231536882669684,3.2958988057441583
2023-06-22,2.203127675289161,1.091566318401992,3.224203373299568
2023-06-23,2.1656616386920104,1.0238658276434243,3.2394824120781176
2023-06-24,2.1562883005631717,1.15321783927037,3.2911783948463804
2023-06-25,2.146941215918033,1.0891865429287286,3.328094696921472
2023-06-26,2.153173421263137,1.052136719101442,3.2808669099838887
2023-06-27,2.1468103258412414,1.0382650455398337,3.2239738917958283
2023-06-28,2.15488986663049,0.9593122018634077,3.2389575376849553
2023-06-29,2.142545241399269,1.075244192153139,3.2607973067944402
2023-06-30,2.1076327155526604,0.9801620427452121,3.197712492687054
2023-07-01,2.1020544933055274,0.9906932510689214,3.1859238167514237
2023-07-02,2.0977153085988873,0.9729217217974931,3.178285675141827
2023-07-03,2.110155866372096,1.0152822176055312,3.257743328672656
2023-07-04,2.111116863143367,0.9574655821491165,3.248336738571197
2023-07-05,2.127579379225295,1.0489740114631603,3.2596968731708316
2023-07-06,2.1245301271792782,1.012804738344135,3.2413978117321838
2023-07-07,2.0996865901365034,1.0383046091133608,3.236596785832943
2023-07-08,2.1048437791000056,1.0119640244701564,3.148688867133452
2023-07-09,2.1116983902699964,1.085315886212288,3.1900795993944304
2023-07-10,2.135610813987625,0.9420517546268813,3.3018855563866625
2023-07-11,2.1480849549135463,0.9917754474797676,3.238828281391462
2023-07-12,2.1759132305017523,1.0828320000987126,3.289215250461683
2023-07-13,2.1838282780900107,1.0956546575830226,3.2212335331499253
2023-07-14,2.1693288270987234,1.0329609412491527,3.33304046060085
2023-07-15,2.1840531018952145,1.1262001018944372,3.2814922832577325
2023-07-16,2.199472575741257,1.1421816513723724,3.295044171492514
2023-07-17,2.230783780649661,1.1836342465092353,3.3468407910463918
2023-07-18,2.2493043162773048,1.0553055150415613,3.344402437952987
2023-07-19,2.281721974666096,1.231421945794828,3.2810988548210993
2023-07-20,2.2926315550188683,1.2521641727837598,3.384937637226431
2023-07-21,2.2794592694807094,1.1357290108009535,3.348683740623507
2023-07-22,2.2938597866903994,1.2174743307637421,3.4044677806556938
2023-07-23,2.3072758398610795,1.1733202995703,3.4228214702473294
2023-07-24,2.3349554450258183,1.1484817641861138,3.383689336813778
2023-07-25,2.3482591621261713,1.2530370368999653,3.427797736066008
2023-07-26,2.374007987312357,1.2441753735899115,3.4258362227375447
2023-07-27,2.376899628931081,1.2306737669267447,3.446171443384824
2023-07-28,2.3545256561746855,1.2104089947354626,3.534422771718131
2023-07-29,2.358786397183652,1.2398994373395789,3.4206552563581543
2023-07-30,2.3613107698484375,1.2294611860805005,3.428362486816775
2023-07-31,2.377593579177672,1.3226203361713593,3.393544256579684
2023-08-01,2.379209144167988,1.2109994230514942,3.527009367632053
2023-08-02,2.3932536442419847,1.3161613736222162,3.5867529880536897
2023-08-03,2.3846372320231684,1.2206629817924801,3.519860788884763
2023-08-04,2.3511910880627402,1.2275543570205352,3.5502318753483024
2023-08-05,2.3450982028564535,1.2833714982654891,3.351634909568313
2023-08-06,2.338172382039694,1.3053620473397796,3.466005385628763
2023-08-07,2.3461155290245705,1.2341025569853894,3.3843936768241427
2023-08-08,2.340638505450006,1.2464450754362355,3.489319267429592
2023-08-09,2.348999743083517,1.2732999470033126,3.4326810441749744
2023-08-10,2.3361759051741995,1.2699479576527084,3.350790028733778
2023-08-11,2.300062392567537,1.2471177489623784,3.4291666099706797
2023-08-12,2.292924299327623,1.142650650922013,3.4297613511365976
2023-08-13,2.2865395173867413,1.1710533806014833,3.3833165252978183
2023-08-14,2.296581438847635,1.240468230427855,3.3137171080024914
2023-08-15,2.29465285401448,1.1482643329767115,3.395667292811666
2023-08-16,2.3079268526489525,1.2104481732101615,3.4250568771045358
2023-08-17,2.3012021219668872,1.2275729786216671,3.4454195931478138
2023-08-18,2.2722028988281524,1.1680134335365362,3.409239241911273
2023-08-19,2.273055845098906,1.1492889979178864,3.4268665350316083
2023-08-20,2.275302600700989,1.1739062635261555,3.3537363800686677
2023-08-21,2.2944127192266186,1.1953955634145195,3.352119428770594
2023-08-22,2.301734758023187,1.212714440315798,3.3198702427908
2023-08-23,2.3242428577869867,1.250550320663366,3.451610442868265
2023-08-24,2.326479214786165,1.2971564185771567,3.4602955943026386
2023-08-25,2.3059551021030686,1.2257669589495765,3.3641110780613444
2023-08-26,2.3146543342882726,1.180322749048236,3.3978258490550983
2023-08-27,2.323914971517586,1.2405330311491143,3.3600879604372427
2023-08-28,2.3490712366962483,1.3154894705500064,3.3576491670615454
2023-08-29,2.3613196289147234,1.281817369998839,3.400273368312222
2023-08-30,2.3875681578054464,1.2671311893013224,3.4793519581708674
2023-08-31,2.3922621960737556,1.3130889850700755,3.532643032764475
2023-09-01,2.372882110323207,1.2753694534668998,3.4814390114753433
2023-09-02,2.381468312142013,1.2360837481430114,3.5413077266001207
2023-09-03,2.389366703297863,1.2704281947316258,3.496806488174228
2023-09-04,2.4119939035320326,1.3402405013308958,3.6033882825956627
2023-09-05,2.420612608641051,1.3454592200345932,3.517122287647253
2023-09-06,2.4422777478373527,1.3638051247439031,3.615169731208739
2023-09-07,2.4415401846907128,1.2601521703795366,3.4521189366393674
2023-09-08,2.416035772183812,1.2960160742697084,3.55919699801938
2023-09-09,2.418027287956333,1.3202761939670364,3.531926127185345
2023-09-10,2.4190095240617477,1.298006112011998,3.6118182296718255
2023-09-11,2.4345944404035915,1.3727363953980392,3.518930600142628
2023-09-12,2.436193179566172,1.3351812574643978,3.531479866624658
2023-09-13,2.4510574200838082,1.4261317822564044,3.657800758270433
2023-09-14,2.4438600993322983,1.339535085578008,3.4958153614334235
2023-09-15,2.4123759821088115,1.3161824700164324,3.4686455303769064
2023-09-16,2.409041475181136,1.3445599635451446,3.4640166215496
2023-09-17,2.4054212280846317,1.288976183102793,3.6032591731537718
2023-09-18,2.417215891929476,1.2103013028478693,3.4336912218106725
2023-09-19,2.415854204042513,1.2978833189131211,3.48151046375606
2023-09-20,2.4286335840851243,1.3063043821661333,3.5537528555609157
2023-09-21,2.4201824435524837,1.3821869670582443,3.524119423792818
2023-09-22,2.3882372206593314,1.2677117002508802,3.4429007561514204
2023-09-23,2.385225275707121,1.2400173019510552,3.5052549377391964
2023-09-24,2.382598307846773,1.328400552305906,3.447371648140461
2023-09-25,2.395967980375676,1.3720914320933977,3.4489044791198444
2023-09-26,2.3966131474378245,1.2858404389607254,3.4794105091305725
2023-09-27,2.4117244374222286,1.2983620712441848,3.525608261356864
2023-09-28,2.4057524366471585,1.31910207139181,3.4639076801996707
2023-09-29,2.3762849056292468,1.2614630605007695,3.371912756857066
2023-09-30,2.375655798686646,1.2600600940365427,3.5452918840001564
2023-10-01,2.375147788378289,1.2637884317126862,3.3987669378998064
2023-10-02,2.390257238446618,1.2121927232170762,3.455651736060607
2023-10-03,2.392117207000311,1.3067483731502234,3.478340410460207
2023-10-04,2.407845792244129,1.365784863749739,3.462346010915646
2023-10-05,2.4017791171038243,1.3112068701094006,3.475998948277317
2023-10-06,2.3714468396819335,1.271926315181853,3.4482032978870576
2023-10-07,2.369204652451239,1.1779368405400812,3.48933993467223
2023-10-08,2.3663025892436274,1.2496995516842944,3.469228415028935
2023-10-09,2.3775682435009595,1.2929383389720273,3.4898269361290355
2023-10-10,2.374864127969547,1.3173716240393265,3.5396320581168412
2023-10-11,2.385398874798938,1.3801940269679582,3.5177823408207876
2023-10-12,2.373602794330414,1.265719491051863,3.4547932062530666
2023-10-13,2.337147205448922,1.2074200881774377,3.424978507055836
2023-10-14,2.3285074368208405,1.2424423551769495,3.381221134492662
2023-10-15,2.3190936250763374,1.2815170710033172,3.469799167076742
2023-10-16,2.3245843034225064,1.1762607455029062,3.3996351958156916
2023-10-17,2.3163396224951662,1.1918054857711926,3.430909005266642
2023-10-18,2.3217115611301717,1.2744158695806473,3.5393072210078014
2023-10-19,2.305339241240591,1.169923344683889,3.384807304199343
2023-10-20,2.265059456614794,1.215198116882002,3.431673373566719
2023-10-21,2.253441847086468,1.1367247995468217,3.2927894933760613
2023-10-22,2.2420632227100685,1.1368338441134604,3.355469526115544
2023-10-23,2.246701289917513,1.0892446213517613,3.3851371201459948
2023-10-24,2.2388409212709766,1.1365556320101518,3.3557160851570673
2023-10-25,2.2458726839134306,1.1935156646861123,3.3710319629700156
2023-10-26,2.2325151681664965,1.1612907683961002,3.4274677220144936
2023-10-27,2.1966199081691316,1.134474862892417,3.249552276891827
2023-10-28,2.190682463602972,1.1026563773184122,3.3705941742717465
2023-10-29,2.186264442429511,0.9796726092304855,3.238946927416163
2023-10-30,2.1990518612278533,1.1466098448550628,3.2401093401769807
2023-10-31,2.2004591633452146,1.084813924839393,3.2180862129032644
2023-11-01,2.2177208422207872,1.1374607051896282,3.3563745596166124
2023-11-02,2.215445512959451,1.1043784960643017,3.281645117115349
2023-11-03,2.1913197834383773,1.024018332541361,3.282852349046638
2023-11-04,2.1975995151643986,1.0529283380592371,3.3167200794460103
2023-11-05,2.2056834220090673,1.0151588139561905,3.2623806804361726
2023-11-06,2.2310394530687625,1.0968751405790516,3.36519992352943
2023-11-07,2.2449093780296265,1.2064851293306924,3.35969055535513
2023-11-08,2.274295690730727,1.2036158157361376,3.4410259198434647
2023-11-09,2.2836489296734044,1.2622630771936363,3.387152170781709
2023-11-10,2.270471299128355,1.1833073048748262,3.452534842403826
2023-11-11,2.2867881945461366,1.195259912378001,3.3733046656249117
2023-11-12,2.3038727601253775,1.1975033298898354,3.3744391894992356
2023-11-13,2.3370390045047844,1.2420884493640825,3.4256949127660903
2023-11-14,2.3574450385471706,1.2968534791578348,3.4460253517362753
2023-11-15,2.3919727823781933,1.3124670736966466,3.4503315498025273
2023-11-16,2.4050455729022815,1.2274818968898051,3.4923147315620855
2023-11-17,2.3941281758747395,1.3238070802121509,3.5775649403624046
2023-11-18,2.4111749163745966,1.339362329771504,3.610981957230355
2023-11-19,2.4275013376308716,1.307948687557591,3.5507842679417188
2023-11-20,2.4584400990062845,1.275251934831901,3.5705799683718027
2023-11-21,2.4752389275776863,1.351333185710087,3.5196725282135737
2023-11-22,2.504829303659525,1.2892435124100436,3.5470220369350227
2023-11-23,2.5117707397450943,1.3567966105462983,3.6953975579346947
2023-11-24,2.493643864665771,1.3893438735213648,3.572611283457248
2023-11-25,2.502472213514362,1.4164826845220304,3.5900635140950325
2023-11-26,2.509738479322167,1.3512010711548432,3.5115307792250134
2023-11-27,2.530901171964877,1.4862936789541992,3.6220854020432016
2023-11-28,2.537385783887607,1.4598918803523442,3.648768724759623
2023-11-29,2.5562414951307306,1.5206243840142162,3.6285664281355094
2023-11-30,2.5522117084950717,1.3719765610912469,3.6871917653739636
2023-12-01,2.5230203220058605,1.4435818331569248,3.6416385709424883
2023-12-02,2.520767798880757,1.463246988576653,3.671651722157801
2023-12-03,2.5170930965438596,1.436624009972126,3.5519435309807563
2023-12-04,2.5275525824735054,1.4495134654227322,3.6594639706718066
2023-12-05,2.5237062593206514,1.4436249893272062,3.5877361182061644
2023-12-06,2.5326646138032065,1.4130163682066386,3.6314017000191527
2023-12-07,2.5192877360135526,1.4596615748708268,3.5564411016758792
2023-12-08,2.4813672330759156,1.3448965107555806,3.6146543931833914
2023-12-09,2.470999077914923,1.4106999907628432,3.629056713200042
2023-12-10,2.459893683021008,1.4258215236924932,3.5602726485242475
2023-12-11,2.4636194363445254,1.3906994205597423,3.578274331564578
2023-12-12,2.4537861779804366,1.3066381318321871,3.5330345295074492
2023-12-13,2.4574841558065534,1.3859630596668113,3.5377534503774872
2023-12-14,2.4396134139668444,1.366230871106478,3.5488510305547414
2023-12-15,2.397962717448804,1.3140576031270281,3.477251160163279
2023-12-16,2.3845602085271773,1.1946080727030122,3.5237063725898854
2023-12-17,2.371132300168693,1.3319456528838105,3.4027939965881195
2023-12-18,2.373212152188766,1.2378114804429332,3.451609809444149
2023-12-19,2.3624203764875147,1.1056985630723148,3.5287909464281326
2023-12-20,2.365795756023746,1.3089400650313023,3.456589547639818
2023-12-21,2.348254271842761,1.2697972397044495,3.40727957093331
2023-12-22,2.3075641628194306,1.1937894286841981,3.4991908351720307
2023-12-23,2.295673318301185,1.2500784060119303,3.3985101247792753
2023-12-24,2.2843157787774606,1.1771730013593509,3.3438407521754168
2023-12-25,2.288983857278577,1.1158527723025833,3.384120245310808
2023-12-26,2.2813047550937875,1.2578645660404641,3.405244025704587
2023-12-27,2.2882617618082235,1.2232271415811087,3.3963905630317357
2023-12-28,2.2747817304544835,1.2040892198599689,3.370807212266314
2023-12-29,2.238605225210186,1.0869298151966444,3.34532725028764
2023-12-30,2.2315897911549505,1.1391481533887828,3.3588263126036204
2023-12-31,2.225463428226051,1.1160451663212152,3.2886144990885318
2024-01-01,2.2356599768287824,1.142906555947172,3.267649461657497
2024-01-02,2.2337915337421586,1.1036096850470671,3.2915864528068757
2024-01-03,2.2467603008662462,1.0814006556308629,3.3481172124550618
2024-01-04,2.2394749505076383,1.173325208030445,3.3457580899731405
2024-01-05,2.209616563227327,1.149953513771328,3.3450581346541712
2024-01-06,2.2089187128399708,1.2007179325246955,3.272030868605745
2024-01-07,2.2090690542738747,1.149767117904926,3.383540379302582
2024-01-08,2.2254092750211436,1.1389514206551887,3.359297726322095
2024-01-09,2.229504725823627,1.0905900060629923,3.3211751314427556
2024-01-10,2.2481483927109442,1.1939020960336373,3.3138604784112626
2024-01-11,2.2462076309291232,1.0642742868892778,3.3615335951418555
2024-01-12,2.221287318146439,1.039534686875676,3.4222743741388
2024-01-13,2.2249880701878335,1.0953263273838871,3.3023781173305236
2024-01-14,2.228957094911644,1.1109179220408605,3.2921294397467644
2024-01-15,2.2484536491886886,1.1109647065731814,3.3646465657965012
2024-01-16,2.2550165689184953,1.148475756882421,3.360890012468637
2024-01-17,2.2753607588990175,1.1040901121321671,3.343832307022554
2024-01-18,2.274354374161139,1.1230733096501928,3.452189573657824
2024-01-19,2.2495789358216167,1.120496713568181,3.364936703259379
2024-01-20,2.252565088384477,1.1349367837268067,3.356608208958604
2024-01-21,2.254991800042205,1.1616177764224926,3.362278341662792
2024-01-22,2.2721160921543446,1.047418213987045,3.422786363090657
2024-01-23,2.2755369496578024,1.1243485909199367,3.3352017795313484
2024-01-24,2.2919825612444518,1.1463861244529898,3.422066467412448
2024-01-25,2.286415978021341,1.22325286658686,3.444564542156161
2024-01-26,2.2564900727550072,1.1927875725798622,3.428009928220652
2024-01-27,2.253758629435118,1.180598908549,3.395434190084493
2024-01-28,2.25002165371238,1.1576846178726712,3.233311284312082
2024-01-29,2.2606171766768766,1.1452774157809886,3.4126335350312877
2024-01-30,2.2572794506038036,1.2377049104859392,3.4211148909971767
2024-01-31,2.2668150105290708,1.1740557951816442,3.3192020306478187
2024-02-01,2.254335106448634,1.0997281718361673,3.3675236374063853
2024-02-02,2.21760408036463,1.1115292834047859,3.294562916941505
2024-02-03,2.208224686191245,1.116090695600405,3.329959617245227
2024-02-04,2.198128768464394,1.0859752447652713,3.3036928340120126
2024-02-05,2.2027307847231223,1.1501620463828297,3.2845574041982286
2024-02-06,2.193880331988236,1.0541460452099602,3.3106955440611525
2024-02-07,2.1984274794273575,1.152105684777882,3.222919248689811
2024-02-08,2.18158281934697,1.1025544389336739,3.2760566456241857
2024-02-09,2.141160482370155,1.0875501630147542,3.2279707186492232
2024-02-10,2.1287392513721684,1.0543424831371115,3.2587124922503405
2024-02-11,2.1163004734563704,0.9439972776586512,3.188816417703501
2024-02-12,2.119245416026579,1.0274612636702587,3.218347407343618
2024-02-13,2.109444430328184,0.971222141676359,3.1793426259844533
2024-02-14,2.113693987981543,1.0696760126018878,3.2382568339185975
2024-02-15,2.097206841203542,0.9524045444327975,3.16504682270151
2024-02-16,2.0577521534533205,1.0004375721741594,3.185984095334061
2024-02-17,2.046794801040223,0.9184550687990157,3.138710994547362
2024-02-18,2.0362827599971984,0.9180921544493538,3.1936572166659523
2024-02-19,2.043565528539637,1.0373012883373185,3.1400493129395874
2024-02-20,2.0384224160301727,0.9186354070132505,3.1003698423461366
2024-02-21,2.0475883323265203,0.9377878560678925,3.1637477504887683
2024-02-22,2.036144661413091,0.9896534558139827,3.1651948579479843
2024-02-23,2.0017192853646075,0.9085988235422443,3.006014494252627
2024-02-24,1.9958930093339802,0.965361398029513,3.1165437295966743
2024-02-25,1.9904747040642174,0.7545740757262255,3.0935569167148134
2024-02-26,2.000833252929355,0.913873289020063,2.999686154605779
2024-02-27,1.998579596365937,0.8463859754053715,3.079397783708205
2024-02-28,2.010572455705313,0.9145590908358417,3.0737331759610638
2024-02-29,2.0016664070243158,0.9074591290945853,3.134243443517671
2024-03-01,1.9694641548501224,0.8160952941658305,3.025699337821203
2024-03-02,1.9658470185696646,0.7820610568443611,2.9923387241141355
2024-03-03,1.962468052373653,0.9047428290616406,3.1138478036130093
2024-03-04,1.9748040982567352,0.8858269467997529,3.0214699842782218
2024-03-05,1.974327043798,0.9171205963644389,3.083163557785533
2024-03-06,1.9880854370519976,0.8957107429509532,3.126177435587728
2024-03-07,1.9807677946550981,0.9546148774972057,3.0952478685137956
2024-03-08,1.9500051582796323,0.8506194816650364,3.0705709451135235
2024-03-09,1.9480239261543213,0.836901094577714,3.093322356250435
2024-03-10,1.9463555379070692,0.8125085103363073,2.9622865225610258
2024-03-11,1.9606075685067978,0.861749594410389,2.9754141448602565
2024-03-12,1.9621235148895222,0.7687559362853021,2.9546172662082695
2024-03-13,1.978140019137171,0.9210485945260555,3.1363472370688763
2024-03-14,1.973165538543971,0.8482647248216288,3.141589430469442
2024-03-15,1.944833718965504,0.8750387513317182,3.0224125212359594
2024-03-16,1.9456794952933476,0.8302842091851379,3.086337114474382
2024-03-17,1.9470666257800238,0.8063134636953487,3.0376451152098123
2024-03-18,1.9646794319025322,0.8820604836160494,3.140558709594805
2024-03-19,1.9696729887047362,0.7839609806298743,3.0669946285762886
2024-03-20,1.989408041870971,0.8977039738944868,3.0712680488310653
2024-03-21,1.9881472700974148,0.889216333403513,3.131644055790724
2024-03-22,1.963461779585463,0.8276067143004702,3.096238649921955
2024-03-23,1.9681327781419493,0.9347307591795444,3.1240769683837444
2024-03-24,1.9732991902074999,0.8319761324032152,3.0540233153772833
2024-03-25,1.994672128448622,0.9360163380036088,3.025243846304881
2024-03-26,2.0031773603965077,0.8451056686161802,3.00190873671068
2024-03-27,2.0262695172371084,0.8832178000594589,3.131084838378509
2024-03-28,2.027947218245358,0.9609749423896742,3.1515093878411
2024-03-29,2.005713584747291,0.8479574847341724,3.1707566330925623
2024-03-30,2.012603982704061,0.8906575405009588,3.231085101091681
2024-03-31,2.01955379021096,0.9790854868071831,3.0662231484848985
2024-04-01,2.042335242964148,0.9665238227930918,3.135660147192063
2024-04-02,2.0516913965779846,0.9294714458001155,3.1802999861921304
2024-04-03,2.075228443830881,0.9375016149808645,3.2151143654470413
2024-04-04,2.0767481481138232,0.933720463324211,3.1872608059046783
2024-04-05,2.0537604986883298,0.8992048705913395,3.147640861108506
2024-04-06,2.0596353736289843,0.965681086754647,3.115452765957551
2024-04-07,2.0651881057687778,1.0502545627929953,3.2520802193111926
2024-04-08,2.086336213136631,1.033157634500464,3.1198272396346334
2024-04-09,2.09372230901166,0.9067816798908682,3.141383249711829
2024-04-10,2.115181999004828,1.0243735519047537,3.1698447200344098
2024-04-11,2.1143911927032026,1.0583191495203306,3.2346966007972657
2024-04-12,2.088928643376566,0.9582569375158918,3.18143814123829
2024-04-13,2.0925495199076205,0.9358799474227841,3.21665996647732
2024-04-14,2.0959870698752847,1.003468512146607,3.2445066108673464
2024-04-15,2.1153278993469744,0.9700942244749597,3.214504252847934
2024-04-16,2.121122905626618,1.0767553415919329,3.169699513884179
2024-04-17,2.1414302723708634,1.0591660171468307,3.251951878553883
2024-04-18,2.139777640210429,1.0837726997816466,3.216687551231947
2024-04-19,2.1137749795898952,0.986338731196147,3.1417517654715654
2024-04-20,2.1175109792789577,1.0249581548177598,3.1885275462680562
2024-04-21,2.1215721499563323,1.0744898141448316,3.3265505588229956
2024-04-22,2.142138395783261,1.0568863990938675,3.2161389712530886
2024-04-23,2.1495840620894437,1.03187321029475,3.3165341660406096
2024-04-24,2.1720984101921905,1.0768413031297133,3.2911941975457792
2024-04-25,2.1729652483160615,1.071873253946311,3.2495154476005204
2024-04-26,2.149728881443551,1.0423181665049488,3.3245020356413364
2024-04-27,2.15671612072973,1.0410282191358367,3.314795198363441
2024-04-28,2.164275607692863,1.0782807970343538,3.288483418138197
2024-04-29,2.1885963488371583,1.0926468621318857,3.3850831756191235
2024-04-30,2.199801358705459,1.0793731109591989,3.3119810647264494
2024-05-01,2.2261478271575874,1.0668897095786152,3.3700167962331053
2024-05-02,2.2306260864050684,1.1293729558214467,3.3047801611640435
2024-05-03,2.210680117240149,1.177570206138515,3.376120303357137
2024-05-04,2.220856214430282,1.1136432243649947,3.2813507348844153
2024-05-05,2.2312630877006407,1.2045929017800419,3.394384357177259
2024-05-06,2.258113416520962,1.1896468017446236,3.4376402731418536
2024-05-07,2.271309641557837,1.02506033307685,3.3592583132183833
2024-05-08,2.299222883816774,1.182831934583771,3.418074911351323
2024-05-09,2.3046098393022167,1.2035927201959253,3.352259334631216
2024-05-10,2.284886005611032,1.2932814302725189,3.4224832408935013
2024-05-11,2.2948987936699528,1.188741123754455,3.414959791984077
2024-05-12,2.3046058881586218,1.3057563445334834,3.454588419654743
2024-05-13,2.330337073390701,1.2484741464288538,3.4097103527224286
2024-05-14,2.3418692762363333,1.3168871029754659,3.467551169476616
2024-05-15,2.3677812815449735,1.2236489202945178,3.5048215356698917
2024-05-16,2.3706856320670635,1.3362974606044735,3.426499026138084
2024-05-17,2.3480517779963366,1.242219740293924,3.421944034011596
2024-05-18,2.3551010513498176,1.2552940412107156,3.3736891065285497
2024-05-19,2.361700998873833,1.2234619893255525,3.3949145047237033
2024-05-20,2.384345563482854,1.3259909398022807,3.500841160918978
2024-05-21,2.392717898456548,1.2407288370388578,3.482474892132517
2024-05-22,2.41561988536561,1.2977723994372787,3.5128709709824353
2024-05-23,2.4155185683930647,1.3343370128202674,3.493267297065538
2024-05-24,2.3899192995044864,1.204937305102611,3.404260805290393
2024-05-25,2.3943831956015083,1.2122537863481295,3.5111607760607297
2024-05-26,2.3986385983615754,1.302593006026114,3.4615455328441778
2024-05-27,2.41928127001048,1.357231007531467,3.539570211910542
2024-05-28,2.4258270957311114,1.3446720714357177,3.529047252849851
2024-05-29,2.447218918063665,1.3879801846553959,3.5345112330538404
2024-05-30,2.445690342204498,1.3482719343738554,3.535035007612787
2024-05-31,2.4186919503602295,1.2672100840372578,3.6088958718719355
2024-06-01,2.4220344578402275,1.392033594163982,3.5162648945514277
2024-06-02,2.4252205582662567,1.3878201863490824,3.5199699429584297
2024-06-03,2.4448683310454977,1.214610195903962,3.511772209640313
2024-06-04,2.4502568650799645,1.3619209457572894,3.481353085767359
2024-06-05,2.4704131785116883,1.3792931450007022,3.526839882445897
2024-06-06,2.4672958060961085,1.3619343121770242,3.6349131664867294
2024-06-07,2.438276051835324,1.302446875034579,3.5152535739092854
2024-06-08,2.4394082989330403,1.2505934196194308,3.5209000260450285
2024-06-09,2.439983123394071,1.2795142007104727,3.454285484646357
2024-06-10,2.4566741830304997,1.3142085476784484,3.5352837102266883
2024-06-11,2.4585763958109323,1.3338831705974399,3.569678522370759
2024-06-12,2.4748719374884582,1.3948191279256397,3.5172044098268582
2024-06-13,2.467331977944646,1.3559929813608003,3.549067532167524
2024-06-14,2.433350747880829,1.2844226731588355,3.5449496061176373
2024-06-15,2.4293402404975897,1.3029340703708312,3.4731608139930708
2024-06-16,2.4245013640629383,1.336306493283082,3.5730459974122826
2024-06-17,2.435690702026862,1.3599198477650964,3.527497224015991
2024-06-18,2.431947354223183,1.3944069548045845,3.4930652661664556
2024-06-19,2.4427339495355573,1.3204052102128256,3.5827872189868666
2024-06-20,2.429752415199813,1.303843124684319,3.5035279570661504
2024-06-21,2.390526810520091,1.2829634671364474,3.509445686376376
2024-06-22,2.3819185650904418,1.2229961222011163,3.485793158730518
2024-06-23,2.3731121270144104,1.2610990363836383,3.552763565918419
2024-06-24,2.3811984762486813,1.2722457991331915,3.4597205751905338
2024-06-25,2.375188039916736,1.2689241249919228,3.443757229124863
2024-06-26,2.3848247510251053,1.3300849855605799,3.49445931910652
2024-06-27,2.371714576139538,1.2015237775071475,3.405514452377598
2024-06-28,2.3334565921673787,1.2491800071242694,3.344893915888595
2024-06-29,2.327279023618152,1.3147968756642057,3.4189204381800575
2024-06-30,2.3222404494445894,1.176719555499835,3.397352254230094
2024-07-01,2.335531924469398,1.2420538466105813,3.3936191072445143
2024-07-02,2.335978584175335,1.2717396563473375,3.4945319457884727
2024-07-03,2.353430071676439,1.3283366597168351,3.497162443447875
2024-07-04,2.349205777975804,1.2063263524651395,3.366806041167432
2024-07-05,2.320778653763971,1.2203782356767248,3.4613948508131127
2024-07-06,2.3255369640631227,1.250006831720047,3.425116094431222
2024-07-07,2.3322062728403203,1.259995940074721,3.3996785453779252
2024-07-08,2.3578755559414777,1.2597694842538978,3.533073852723428
2024-07-09,2.370992899234707,1.381755272459918,3.436023471298715
2024-07-10,2.401337570965545,1.2682010090513978,3.5019030269664078
2024-07-11,2.4097869784644828,1.3113421721673424,3.5380908863772222
2024-07-12,2.3935578038383634,1.28959411426753,3.532299218448726
2024-07-13,2.410097516962807,1.2950794341835756,3.510242717436743
2024-07-14,2.4277305106312603,1.292643052707699,3.509542043313894
2024-07-15,2.4634108054303603,1.2194818295949759,3.5760853583244394
2024-07-16,2.4852135844931906,1.3571480106677685,3.605618505537056
2024-07-17,2.522889734369276,1.39250719384171,3.6070370203304036
2024-07-18,2.5369543821802294,1.4772077799280385,3.6544163033090684
2024-07-19,2.524484246413257,1.4089519385177096,3.6328429897729904
2024-07-20,2.5431368390813653,1.4074642552882546,3.6982766772869824
2024-07-21,2.56101776030583,1.4492833666257232,3.5949369417506127
2024-07-22,2.595156145917598,1.5372549198251673,3.77294693613393
2024-07-23,2.6134874192145827,1.5290999911176963,3.621307396854274
2024-07-24,2.6459850198853903,1.5050490803904768,3.8275687718897347
2024-07-25,2.6530647089153647,1.6357034530582057,3.717497384560811
2024-07-26,2.6319319339712006,1.56187351225434,3.731278207879124
2024-07-27,2.6407222888834574,1.5620891704349429,3.7084563520145037
2024-07-28,2.6475834689094127,1.518187270116885,3.692856232722245
2024-07-29,2.6698670633931414,1.638916798925952,3.8373516805386867
2024-07-30,2.6755963950146517,1.542931748581587,3.7174148193556285
2024-07-31,2.695169737021552,1.5762626840651874,3.768335727326739
2024-08-01,2.689075267661293,1.5731107936488729,3.7429807603315126
2024-08-02,2.6547840511709895,1.5785461844203887,3.7389602160288584
2024-08-03,2.65100819470302,1.5090375654036512,3.6555124581660974
2024-08-04,2.645994842133472,1.4808536234146419,3.8068267013181685
2024-08-05,2.6574327020145367,1.5210141932662289,3.793916419972695
2024-08-06,2.653404425328407,1.5712815292985327,3.735956658208149
2024-08-07,2.664661843567145,1.5919110985090528,3.741394080053526
2024-08-08,2.6516531790992537,1.5172599248259855,3.7874400275149354
2024-08-09,2.611964286025649,1.4788432123795698,3.7277555844799135
2024-08-10,2.604698123092036,1.4893381263004426,3.6750723073383176
2024-08-11,2.5979852893216013,1.535858448563804,3.6875558022816572
2024-08-12,2.609610562011578,1.5417914023613166,3.743323475704171
2024-08-13,2.607455725189864,1.4953281842800943,3.6582796543340974
2024-08-14,2.6223532268903496,1.5329344402053513,3.680774095907553
2024-08-15,2.614432365388451,1.4503343644690676,3.7927074764848383
2024-08-16,2.5811156579756247,1.4662992544416722,3.6290147480103543
2024-08-17,2.5816264682818804,1.4457087922927372,3.7373344021679227
2024-08-18,2.5837227152577373,1.5094550790613601,3.697702929355796
2024-08-19,2.6050496737990314,1.496838265966993,3.722108925684316
2024-08-20,2.613078965367645,1.4941922089333122,3.5556099113086814
2024-08-21,2.6385456568397863,1.5147211578633695,3.735096052107971
2024-08-22,2.6411176261592746,1.5469042940404185,3.6507661533987847
2024-08-23,2.6179503357232097,1.4886583358837737,3.755782481387958
2024-08-24,2.628324880561823,1.52952246267152,3.783498398061431
2024-08-25,2.639606070362202,1.5240029568417144,3.7576441397587437
2024-08-26,2.669321597573027,1.5911509591279054,3.704386056754604
2024-08-27,2.6845962012655025,1.6111229871061297,3.9008932286718045
2024-08-28,2.716170155052715,1.6172539889328812,3.8457056323437664
2024-08-29,2.723388754561248,1.6275399674014,3.800637422180224
2024-08-30,2.7033115179053175,1.6508645273064375,3.82554053164896
2024-08-31,2.715475866802645,1.6547362082863952,3.760744130083135
2024-09-01,2.7270741142188255,1.6399344929736888,3.8278282106729677
2024-09-02,2.7557530017178165,1.7041672137897947,3.967593686335807
2024-09-03,2.7685366699472054,1.7268606113489242,3.9213678089260524
2024-09-04,2.796419972375096,1.7656286249545103,3.879603495964119
2024-09-05,2.7986715010779086,1.6192950299655158,3.881179359210651
2024-09-06,2.772490786786146,1.6997159469733871,3.8957361145841873
2024-09-07,2.777891512711613,1.6283423166361437,3.774750545147996
2024-09-08,2.782091796609683,1.6957338282839085,3.916794478297195
2024-09-09,2.803029122990338,1.6661462139881538,3.9942648413450135
2024-09-10,2.807767912537609,1.644062879685311,3.914204489412867
2024-09-11,2.8276643291575088,1.7916683266373896,3.9296325104940735
2024-09-12,2.821980470968903,1.7871109046847031,3.9089526693490555
2024-09-13,2.7880882139275105,1.6594961732626048,3.839784804685769
2024-09-14,2.786471649254472,1.6561553803907618,3.920877417914904
2024-09-15,2.7843313987813203,1.612655095339751,3.83291665660493
2024-09-16,2.799816701367232,1.6738055431131742,3.8299166196024177
2024-09-17,2.7999203058644633,1.7630621349879325,3.858827430895072
2024-09-18,2.8162183800422773,1.6908140696006557,3.95105947837404
2024-09-19,2.807800254231309,1.698632343063356,3.8932826831233185
2024-09-20,2.7720239490159355,1.663087321515076,3.8142375440402922
2024-09-21,2.76964338671123,1.6939127435384935,3.8716207776682308
2024-09-22,2.767632644086332,1.7063136555192888,3.919537165083532
2024-09-23,2.7841412855367325,1.692296849037731,3.965224263595977
2024-09-24,2.785882691104296,1.6570716743325542,3.9136617557556064
2024-09-25,2.8044550286253904,1.69608330371407,3.908617140832752
2024-09-26,2.798592197119746,1.6831444440261336,3.945102499619655
2024-09-27,2.7654762167967415,1.7039779515338962,3.9061378420549477
2024-09-28,2.765993783109476,1.6008762281452593,3.893699686931511
2024-09-29,2.7667842923174764,1.632810917039937,3.878878543024875
2024-09-30,2.7859214212889873,1.7093713518307836,3.9493007188333955
2024-10-01,2.789796975886623,1.64552239023429,3.805774013858005
2024-10-02,2.8100240437065573,1.6800959570720395,3.8539023099935656
2024-10-03,2.8050092601837404,1.6846275800148574,3.8269143608808305
2024-10-04,2.771821190553057,1.6362428266060944,3.8272549428430174
2024-10-05,2.7715743911891138,1.7174368125628008,3.864981826417013
2024-10-06,2.7706984625915347,1.5517898649646478,3.871211591180713
2024-10-07,2.787342299818812,1.6613969733984657,3.8352397032524017
2024-10-08,2.7877491566320494,1.7124415164007205,3.905057575091978
2024-10-09,2.8037370670535733,1.7327343108198012,3.9110896231168852
2024-10-10,2.7935870527277125,1.6803257360401975,3.8471296608715226
2024-10-11,2.754461795308105,1.6772294158161865,3.817261571579801
2024-10-12,2.747911341072823,1.673635936769385,3.8117373876936798
2024-10-13,2.7403573160010235,1.6622032022222235,3.8842851994042444
2024-10-14,2.7502141404898235,1.5676957026557885,3.911804056227249
2024-10-15,2.7437499169187918,1.6007522184052516,3.8185410443826266
2024-10-16,2.7531391872613056,1.6301201766876903,3.799587335378847
2024-10-17,2.7366627406495443,1.6751003864430918,3.84007894197359
2024-10-18,2.6916729420738683,1.6730274438486792,3.8303332075291694
2024-10-19,2.6802182483472152,1.580362818968812,3.736160952590597
2024-10-20,2.668740628376355,1.525461399638874,3.7886262599566303
2024-10-21,2.6759127088970502,1.5567738657545276,3.6840139304389403
2024-10-22,2.6679843990668086,1.6134429194150062,3.7591808570292353
2024-10-23,2.677408842060043,1.577958869780344,3.7293115678797393
2024-10-24,2.6623555970572874,1.5950970409830099,3.789423605964641
2024-10-25,2.6202252622290345,1.4738521835730756,3.71978427342881
2024-10-26,2.613396228415449,1.5895002030300824,3.707991353325348
2024-10-27,2.608139423437161,1.5736375543907353,3.8016609067366525
2024-10-28,2.62317608653226,1.5410847783864863,3.7700465871219517
2024-10-29,2.624515278420438,1.5880043748460857,3.7108379968164478
2024-10-30,2.6446584872146777,1.4713921037855535,3.6971084461559234
2024-10-31,2.641431811304902,1.527788835440463,3.7414997174228084
2024-11-01,2.6120555206591423,1.5340021647540456,3.770744269509078
2024-11-02,2.6190185625056164,1.4849184401115971,3.8032671617400378
2024-11-03,2.628215872173938,1.51640764424542,3.7210143862518477
2024-11-04,2.658231613967153,1.545449119412723,3.665213514865205
2024-11-05,2.6746718892889314,1.445148327108678,3.824803922322098
2024-11-06,2.709951679643241,1.6600031832046231,3.7978485105839224
2024-11-07,2.721448997020153,1.6318910966493867,3.7576002699949504
2024-11-08,2.706131568051514,1.5821827191422233,3.862969965783986
2024-11-09,2.726560450161589,1.6124304401297243,3.823501394115689
2024-11-10,2.7482504201341107,1.69722954268233,3.805823109538161
2024-11-11,2.7896783471168285,1.7284285161161363,3.957858133826656
2024-11-12,2.816109943354385,1.7200485026765804,3.911070977826097
2024-11-13,2.8599671134941005,1.8431745900659338,3.9302278374793516
2024-11-14,2.878301432055268,1.8458145932634784,4.022495274528871
2024-11-15,2.8679746837340097,1.7859939290371643,3.9273523258898853
2024-11-16,2.891787795425361,1.7933630772824145,3.9582511478415303
2024-11-17,2.9150600904297765,1.777502673950457,4.028281342638871
2024-11-18,2.956358283134829,1.8333069557596184,4.158541790972607
2024-11-19,2.9808125878655107,1.9622059500236728,4.023029706219104
2024-11-20,3.0210597419569676,1.9760066348537022,4.14218428448584
2024-11-21,3.034031153781849,1.9150642534290656,4.083348881004539
2024-11-22,3.01668283741066,1.9517511499487912,4.118156142187876
2024-11-23,3.0322455035957003,2.0803623202620605,4.15099534533996
2024-11-24,3.0460189262704107,1.9312825926178994,4.177189551355563
2024-11-25,3.0768182938195365,1.924066584503585,4.121370557374175
2024-11-26,3.0897769678538114,2.0921217982660743,4.22525481928804
2024-11-27,3.1178630797874325,2.0027874129884657,4.21060539217868
2024-11-28,3.117980889513329,2.0743318369307833,4.257833861972917
2024-11-29,3.0872493082177415,2.0699830100964687,4.253446731072976
2024-11-30,3.089372990257887,2.04796839096863,4.250861461331098
2024-12-01,3.08965227818665,1.9267540014315852,4.145065399578661
2024-12-02,3.1071479602532475,1.971897986500585,4.267993614956723
2024-12-03,3.1069722558974884,1.9926264495549255,4.279344491586613
2024-12-04,3.1223810202534668,2.044026218105133,4.238382991047966
2024-12-05,3.110190725180799,2.00815608345687,4.205116197934399
2024-12-06,3.0676082707996826,1.9820254735786411,4.151355271452703
2024-12-07,3.058725974083073,1.8971709290929273,4.185380065665521
2024-12-08,3.048750087684051,1.9371491084798609,4.091697275564094
2024-12-09,3.0568869634349904,1.9382859109781823,4.195803713939335
2024-12-10,3.048125177564892,1.9521242808996557,4.196152021993989
2024-12-11,3.05590608457029,1.9784854950734059,4.183465022678544
2024-12-12,3.0368589145903164,1.9128576819825411,4.129286656549814
2024-12-13,2.988184055363183,1.8275530344368724,4.013079882460202
2024-12-14,2.974273754888416,1.8299663059344515,4.069749771969093
2024-12-15,2.960160629117214,1.8716159170136821,4.055103401121233
2024-12-16,2.9651262211602445,1.9013578380719545,4.11436812032668
2024-12-17,2.9539748228030533,1.887219023727589,4.03248892603169
2024-12-18,2.960282508478122,1.9024700221150472,4.077324153413587
2024-12-19,2.9404500756303653,1.8780826665712818,4.044909245488875
2024-12-20,2.8916391547560303,1.8150507371167857,4.0177731963519765
2024-12-21,2.878517661759875,1.8373858298247832,3.9701039073365343
2024-12-22,2.8659270650184427,1.8135499557458508,3.926828010074761
2024-12-23,2.873211910427284,1.7370908700542667,3.9856462339721945
2024-12-24,2.864983779120266,1.7714546958813744,3.985357943011948
2024-12-25,2.874947184276963,1.697562572987128,4.03157039617848
2024-12-26,2.8592687533940078,1.7866182438327447,4.008787719854714
2024-12-27,2.815064652601706,1.732759145276218,4.000204279938354
2024-12-28,2.8072694285694926,1.7772467549745892,3.921950482572329
2024-12-29,2.8005208878402383,1.7531818898058076,3.928259533631577
2024-12-30,2.8142097040495213,1.7582024740992006,3.9698258642985627
2024-12-31,2.812732931300649,1.7638271093486966,3.931037337145937
2025-01-01,2.829896514053213,1.6818986623633578,3.932411916747177
2025-01-02,2.82160080708969,1.6969240609226086,3.9314762234351983
2025-01-03,2.784879756804725,1.7086555851290464,3.851009694560879
2025-01-04,2.78489391022531,1.638034407685076,3.986547443147554
2025-01-05,2.7860339940645584,1.7363396369222681,3.80832399207206
2025-01-06,2.8076919643685296,1.6767754267782287,3.8564374383256403
2025-01-07,2.8140056607430495,1.6992685498340292,3.9312682758265733
2025-01-08,2.838839682432503,1.7770570580634255,3.983477919583876
2025-01-09,2.837789102782158,1.7383415033296756,3.9119058626513126
2025-01-10,2.807772298756113,1.742491562300725,3.8742662351504875
2025-01-11,2.8141499809218136,1.6753512133989277,3.975604048075951
2025-01-12,2.82104921661771,1.7740068214535683,3.937630520325456
2025-01-13,2.8478574872328237,1.8580000735806996,3.9089715104748715
2025-01-14,2.8584598042757046,1.7525879721812787,3.9675709602952125
2025-01-15,2.8867989703802244,1.81153435266179,3.9952225569889674
2025-01-16,2.8881981557358585,1.8137561515308283,3.8958529661140293
2025-01-17,2.8595076538364066,1.751782566197923,3.9734601011978463
2025-01-18,2.8663497949623262,1.773248441929304,3.9924704039777055
2025-01-19,2.872662847792409,1.7573374763027392,3.9647653832921477
2025-01-20,2.8979170915578143,1.792816987055144,4.005097210507487
2025-01-21,2.9058429892455684,1.795332146077532,3.931633309870849
2025-01-22,2.930569045743956,1.8572852682131133,3.9651498447165525
2025-01-23,2.9272611172369856,1.8308693752277403,4.074502649038295
2025-01-24,2.8928206766590834,1.8487997608266968,3.950311189092783
2025-01-25,2.8932529706085064,1.8187864577315647,3.9641866097858625
2025-01-26,2.8924280081656444,1.8093312505444565,3.9742793906753384
2025-01-27,2.9100157840950414,1.7871712431789215,4.038654306854617
2025-01-28,2.9097026551750376,1.8220469681489004,4.076766151313007
2025-01-29,2.925904034978458,1.8384013085864406,4.013976581388541
2025-01-30,2.9137178516068234,1.8062324021083536,4.063560259594662
2025-01-31,2.8701719925793236,1.7776384944081913,3.9532834703809554
2025-02-01,2.8617137013594354,1.7143660227631652,4.020221860906294
2025-02-02,2.8521860394242906,1.7359261594713504,4.0850276113279955
2025-02-03,2.8614810890952835,1.7629827686069146,3.9580949375753196
2025-02-04,2.8532438443054446,1.725903168056722,3.9553811051067456
2025-02-05,2.8621595624123617,1.7402693655154482,3.942228282021017
2025-02-06,2.843221711310764,1.759640784984075,3.9801028828884335
2025-02-07,2.793529451712999,1.723431569111501,3.9313175331863515
2025-02-08,2.779899629105298,1.7322652159999692,3.882801146393632
2025-02-09,2.7660605288127056,1.6664260158260684,3.814431276772951
2025-02-10,2.7720252942102106,1.623328380644696,3.900415958316094
2025-02-11,2.7612859231202327,1.6276488443538797,3.8664755006571974
2025-02-12,2.7686781518023973,1.6260267090588305,3.8546597267870455
2025-02-13,2.748966970221485,1.7398125416393497,3.769713421876421
2025-02-14,2.699197337316015,1.5689896698332815,3.81052819926468
2025-02-15,2.686431990093052,1.6591419326502082,3.8230680848787064
2025-02-16,2.6741656475927473,1.5171474502168514,3.7277282314316422
2025-02-17,2.682421644225999,1.5161489168750806,3.8190529052821574
2025-02-18,2.674438789317986,1.520257978067265,3.726307914443347
2025-02-19,2.685116219391004,1.6156687177013294,3.8015127689932706
2025-02-20,2.6689185264361184,1.5166741788373832,3.7473263810680795
2025-02-21,2.6227813013441024,1.5141478006727112,3.835211042142374
2025-02-22,2.613975860482162,1.5217604316024504,3.6905690777684677
2025-02-23,2.605744473583506,1.5395158367457107,3.7025348193542893
2025-02-24,2.618120247063794,1.5063471541463058,3.7575154330838383
2025-02-25,2.614106342668518,1.5040260114620418,3.734820032530724
2025-02-26,2.628699772528577,1.5005662738651708,3.754818543424507
2025-02-27,2.616114626510358,1.482728568541735,3.6771530532008487
2025-02-28,2.5732404892465017,1.5350637683001547,3.5954240224963088
2025-03-01,2.567631750044152,1.478622876762838,3.6865499563626325
2025-03-02,2.562361213466673,1.5130796320314885,3.704214220895099
2025-03-03,2.577560366102733,1.4971876419156944,3.682753332661911
2025-03-04,2.576087951091972,1.5009942139732217,3.774021422503706
2025-03-05,2.593129658747453,1.5161043397847638,3.646878783530184
2025-03-06,2.5827364558220673,1.435111795736148,3.767159165422304
2025-03-07,2.5418330214730362,1.4928236743724168,3.5989723921464156
2025-03-08,2.538329016387375,1.450131917114034,3.678441664585481
2025-03-09,2.5351887634405226,1.4514884963661088,3.709952754989468
2025-03-10,2.5526899681432007,1.4570657003559022,3.6260923664812332
2025-03-11,2.5535801616365426,1.468360381891445,3.6645255243591848
2025-03-12,2.5732512876868445,1.509103344011105,3.6220089720930675
2025-03-13,2.565592653614652,1.4902870561489616,3.6444016532048225
2025-03-14,2.527549438503417,1.4026586846308249,3.576789194764467
2025-03-15,2.5273565064323744,1.438409210561388,3.540499120237378
2025-03-16,2.527825255117222,1.3714932682820478,3.581312780246706
2025-03-17,2.549322366317411,1.4850824818061696,3.6011844663262127
2025-03-18,2.554416122284639,1.542756963506392,3.5927233583590907
2025-03-19,2.578628259574495,1.4773195358727322,3.6704268463732452
2025-03-20,2.5756042026605797,1.4222784928401973,3.7579160316836786
2025-03-21,2.542224511723787,1.44720646677941,3.648263987858481
2025-03-22,2.5469642225952622,1.5010410660300328,3.761391615243049
2025-03-23,2.552399866183115,1.4147947064601063,3.682473852513483
2025-03-24,2.5789111757291394,1.5387481032363084,3.653068763713706
2025-03-25,2.588820033464556,1.446990643604515,3.714304538752594
2025-03-26,2.6177220884916936,1.5359018292451954,3.749155386234348
2025-03-27,2.618976429106885,1.5017445331241823,3.78277147046926
2025-03-28,2.5893717134629552,1.5563021639677934,3.783589077990813
2025-03-29,2.597612307775717,1.4582175553631374,3.684683855165749
2025-03-30,2.606046231747319,1.512640368381789,3.7181971712835353
2025-03-31,2.6350900328041225,1.496850304650196,3.6698143766094447
2025-04-01,2.6468600161336084,1.4941469791981654,3.734910180437607
2025-04-02,2.677082728306033,1.543312489070918,3.8216911975773105
2025-04-03,2.678902641197862,1.5720203778756052,3.797377067414713
2025-04-04,2.6491010490528195,1.4760133205179964,3.789122302578001
2025-04-05,2.656706654089294,1.5356723017017258,3.6625590932994965
2025-04-06,2.6639417216382624,1.6309804851140652,3.7722021449900813
2025-04-07,2.6913671205590317,1.5978347056472877,3.8256648282951895
2025-04-08,2.701002641766569,1.6215115631978696,3.875749036256327
2025-04-09,2.7288130558436787,1.5678559790517297,3.806388909374287
2025-04-10,2.7278305210310525,1.5895090702269725,3.8702355008319493
2025-04-11,2.6949230651945477,1.602417687850954,3.8022453803055756
2025-04-12,2.699526642829377,1.6778944235455429,3.8291173582045572
2025-04-13,2.703806823373343,1.5015951298906784,3.774822414905381
2025-04-14,2.728521706292724,1.6412754248601598,3.8517970104610697
2025-04-15,2.735629496090768,1.6349360540307125,3.8883811891147086
2025-04-16,2.7613488223705596,1.545338033659326,3.8937818761999954
2025-04-17,2.7585951263300794,1.6800036213539742,3.898774425735596
2025-04-18,2.724298576566788,1.660598754991505,3.823198603322558
2025-04-19,2.7282580514178543,1.6601953485729544,3.850485047644385
2025-04-20,2.7325194114358613,1.6184551693135325,3.7886405450678797
2025-04-21,2.75795791085854,1.6869862271934235,3.834863789152438
2025-04-22,2.7663751774932877,1.7642664986100904,3.7886147761926328
2025-04-23,2.794136409769482,1.6480589979936633,3.926658829826469
2025-04-24,2.7939237470976526,1.7036769826470657,3.8596863586858228
2025-04-25,2.762606927788587,1.6147249373397452,3.9162592511294148
2025-04-26,2.7702227100183854,1.71801174307767,3.900192850470652
2025-04-27,2.778573341798208,1.6498341203778366,3.815641744815636
2025-04-28,2.8085320733149457,1.648498730493001,3.910901760180204
2025-04-29,2.8216330278431934,1.6638530990563611,3.9243893831444505
2025-04-30,2.8542885368587103,1.7074260329902948,3.948833452103767
2025-05-01,2.858862429550561,1.7751094994083731,3.961608040401137
2025-05-02,2.8320959508330428,1.6767279600306875,3.941905305666014
2025-05-03,2.8442146421472434,1.701770577982318,3.9669054729889237
2025-05-04,2.8567484685051454,1.848579256488551,3.9931367943373886
2025-05-05,2.890561281503785,1.6273285124731178,3.9919286473042863
2025-05-06,2.9069337914797515,1.8866233661341438,4.025769114673244
2025-05-07,2.942360600902453,1.8825171741510958,4.053566949763259
2025-05-08,2.9489423327544104,1.867811920907902,4.002569249106305
2025-05-09,2.9233651171171493,1.7990632047724573,4.091295463782366
2025-05-10,2.936132677383696,1.8577027025636734,4.132501079147595
2025-05-11,2.9486053631159,1.8122423928378675,4.052446026784337
2025-05-12,2.981750397587822,1.796197623098855,4.132091075873629
2025-05-13,2.996714465609176,1.9095404106092022,4.074893106225336
2025-05-14,3.030196746351154,1.9953504078212618,4.101594932682738
2025-05-15,3.034156082164858,1.9640768914850768,4.131568153941133
2025-05-16,3.0053402535332703,1.8948979944122615,4.09374529796352
2025-05-17,3.0146396270371465,1.9942477935250726,4.117139672123232
2025-05-18,3.0233417021432847,1.869778718065503,4.140019491252177
2025-05-19,3.052599111697328,1.9578955827836442,4.141657520713913
2025-05-20,3.0634892525643167,1.8834809137021247,4.137890481321112
2025-05-21,3.0929612889409737,2.0113294699158173,4.122073950285886
2025-05-22,3.092856945728435,2.081738881383463,4.233580886549494
2025-05-23,3.0599888198521903,1.842383647117897,4.1282070288857025
2025-05-24,3.0656155325755403,1.948632027219344,4.170113333156774
2025-05-25,3.070912436810471,1.9998575660639808,4.24206951833295
2025-05-26,3.0971587086971115,1.960623007585991,4.174645601845923
2025-05-27,3.1052860165454286,2.007320991873106,4.2028361385466715
2025-05-28,3.132402092287519,2.047894114248892,4.225027412743646
2025-05-29,3.130128274492274,2.0090505396932765,4.325996241241798
2025-05-30,3.095230416312464,2.0191048788275263,4.189205489700794
2025-05-31,3.0992194303788536,1.9151219695301265,4.223384311335594
2025-06-01,3.1030422537834355,2.0273986203055694,4.163112825270302
2025-06-02,3.1279922093726107,1.9819222462146968,4.20633998796202
2025-06-03,3.1347508410566887,2.1072831589975327,4.226072946737367
2025-06-04,3.160491998234294,2.0657847053585323,4.2338401238087675
2025-06-05,3.1565397607890833,2.073609733488259,4.244788343610474
2025-06-06,3.119555141654099,1.9664295430791132,4.241572020861724
2025-06-07,3.12126467731931,1.9491211073366432,4.212509642737143
2025-06-08,3.122373662728755,2.0734159694559957,4.184468739983915
2025-06-09,3.144201075852639,2.0538971052927666,4.221757843763645
2025-06-10,3.147215096963199,2.0724814149555484,4.234003189335221
2025-06-11,3.1687174130604205,2.079726259717754,4.244672430025163
2025-06-12,3.15982041082113,2.024751372071585,4.25703693215565
2025-06-13,3.117187753067866,2.00741953867886,4.339726619505296
2025-06-14,3.1128883267164382,2.0494981650558466,4.248516109037759
2025-06-15,3.107528355314438,2.028428225025712,4.25082219970075
2025-06-16,3.122606876538986,1.9988267397319104,4.210970056639548
2025-06-17,3.118540423524857,2.031620520108431,4.225941101952272
2025-06-18,3.1329226400503303,2.0089247030416,4.211159157708334
2025-06-19,3.1168155834375586,2.056469744017527,4.1613151503611325
2025-06-20,3.0670389172293686,1.939257339456392,4.17906804108094
2025-06-21,3.056144014536211,1.8670234976894744,4.193560593336002
2025-06-22,3.0447599590078003,1.9601592498572742,4.12448496290771
2025-06-23,3.0546649532823515,1.9466575188969086,4.123469793344543
2025-06-24,3.0462960547048703,1.912687430251973,4.118498415738587
2025-06-25,3.057580643203243,1.9170252058036734,4.16888349172601
2025-06-26,3.039539145013341,1.9607435899393038,4.151507474551603
2025-06-27,2.9891210210209698,1.921293900688061,4.08516416049224
2025-06-28,2.9792981502374207,1.8619616885309456,4.163718902091115
2025-06-29,2.9706248402811033,1.8825896588410125,4.112094525326248
2025-06-30,2.985026307764887,1.9029477802790924,4.062531621892252
2025-07-01,2.982795624125096,1.899816515156256,3.9717372993450826
2025-07-02,3.0020001723990726,1.894657010057797,4.108360293741845
2025-07-03,2.9933998456008726,1.9127061452534393,4.114065538468254
2025-07-04,2.953834711959835,1.863728428790335,4.0467359045693865
2025-07-05,2.956443271690835,1.7865552945157208,4.026911403609542
2025-07-06,2.9614426442107615,1.8350713568459345,4.212543239869587
2025-07-07,2.9906407049591994,1.9744284057289054,4.124570343605158
2025-07-08,3.0039270715219333,1.906933698668406,4.151678633578102
2025-07-09,3.0392614433796097,1.8400051344365438,4.165378127635883
2025-07-10,3.0469140458035855,1.928407792929498,4.102187057266134
2025-07-11,3.023411432434234,1.939802100147736,4.106450715252483
2025-07-12,3.0418855832309855,1.9862975000916063,4.167403300990172
2025-07-13,3.0620795718613194,1.9016706810308444,4.135938809886215
2025-07-14,3.1055878412230298,2.058009469649899,4.185595433495882
2025-07-15,3.1318447539912015,2.0896302905041457,4.189811805681561
2025-07-16,3.178697268177854,2.1090319625016556,4.280350530504503
2025-07-17,3.1959689222317684,2.04517475049601,4.314097224816486
2025-07-18,3.179963857653469,2.0101637785214606,4.295002967376758
2025-07-19,3.2039456039784944,2.1942521099709533,4.302204097857675
2025-07-20,3.2273658445354023,2.0868920175126955,4.258648354947174
2025-07-21,3.271829263637451,2.1561612317595853,4.392575229557284
2025-07-22,3.2965749841875867,2.2218682109940615,4.3895632298735725
2025-07-23,3.339627897086175,2.1478727545563028,4.405460358103006
2025-07-24,3.3506796350217742,2.246833036025316,4.438404423796517
2025-07-25,3.3261435510954542,2.2402462940325503,4.495620941194323
2025-07-26,3.3397553952738446,2.2753697598552014,4.310925407521961
2025-07-27,3.351017047685028,2.2012230770137955,4.4147897426101546
2025-07-28,3.3818776787689493,2.2481015315531003,4.453251100479518
2025-07-29,3.3916999003821946,2.2566080579443093,4.461878806369907
2025-07-30,3.4189818735927258,2.3636091117302254,4.53187121360643
2025-07-31,3.4135479009272185,2.347002369623331,4.597714680111935
2025-08-01,3.37214769165154,2.2164198650956193,4.464863907372401
2025-08-02,3.3691731400591483,2.232898599962836,4.49284975732787
2025-08-03,3.3643122734313584,2.163251294296202,4.437166699783567
2025-08-04,3.379943139918883,2.2771383002564973,4.4328784529637275
2025-08-05,3.3755823565679672,2.226831598523715,4.643981011944141
2025-08-06,3.3901770157878017,2.3405375444048913,4.47261429120812
2025-08-07,3.373605286582879,2.2295504412738256,4.438089412663568
2025-08-08,3.3228217247113165,2.18034769242116,4.4431206810963175
2025-08-09,3.3126932400867286,2.152782762722724,4.410703237678045
2025-08-10,3.3028676018964997,2.231020508876527,4.352168937581502
2025-08-11,3.315885544647031,2.2170676417232116,4.468216226931572
2025-08-12,3.3111182135263535,2.244298796031145,4.436055273315627
2025-08-13,3.327636214856611,2.289693863997666,4.380736920016181
2025-08-14,3.3150282286378756,2.19847255837469,4.45083880242651
2025-08-15,3.270100817191964,2.1582383309323854,4.391611444605903
2025-08-16,3.267842268451433,2.24776403415557,4.394862564873236
2025-08-17,3.2675143534777558,2.10517547821277,4.339193976199889
2025-08-18,3.291491129118987,2.206982722118059,4.368389284895812
2025-08-19,3.298693322565133,2.1265175961714724,4.39152151349457
2025-08-20,3.328041922627281,2.2243904145767117,4.352022045257557
2025-08-21,3.3286013639683385,2.2557085212263015,4.440456308029232
2025-08-22,3.296839388832715,2.178992118282197,4.347813664344166
2025-08-23,3.307723172428741,2.1778167107821065,4.4773406521462435
2025-08-24,3.320037478580016,2.243737306951297,4.424540865140634
2025-08-25,3.3559519657418604,2.284058113160891,4.485440184135003
2025-08-26,3.3739529356503297,2.334483953258757,4.472692824720411
2025-08-27,3.412880502440507,2.343237692995926,4.513152612487123
2025-08-28,3.4213940285856954,2.393327523182724,4.543425982052288
2025-08-29,3.3957884297227405,2.33370097223507,4.482444394180291
2025-08-30,3.4112177833405397,2.355488866295286,4.469714548653911
2025-08-31,3.426234027654755,2.293027455634424,4.546851004194952
2025-09-01,3.4630760204425757,2.4055438136779532,4.5862693046998535
2025-09-02,3.480091189556756,2.449714605937477,4.666553056694934
2025-09-03,3.516348308314366,2.359168472415524,4.670874591804719
2025-09-04,3.5204169174987023,2.5057475705749193,4.625602420130575
2025-09-05,3.48873173584971,2.364590136378037,4.571250216133745
2025-09-06,3.4969355661467802,2.357525115804309,4.589851958935007
2025-09-07,3.503630721146674,2.369063933244786,4.590292674348996
2025-09-08,3.5313825961044016,2.542971378576867,4.654277438216887
2025-09-09,3.538624749753991,2.419140543453715,4.677177007232846
2025-09-10,3.5648417513243067,2.450888923552132,4.629282419646711
2025-09-11,3.558658133513931,2.5879777145510916,4.577251717407019
2025-09-12,3.5167476459166145,2.43649441615489,4.601294404870127
2025-09-13,3.5152934679501135,2.4669607313665596,4.67132077069847
2025-09-14,3.5129516883175493,2.333855548935899,4.65591391883326
2025-09-15,3.5325700433994207,2.407509205033894,4.663123874458774
2025-09-16,3.532578379154796,2.403578888082677,4.62350691391976
2025-09-17,3.552744755747111,2.4822742314919033,4.709404262853737
2025-09-18,3.5415782568658902,2.50539131302906,4.598741811112682
2025-09-19,3.4957884240793278,2.3932271554866995,4.614003509732031
2025-09-20,3.491868973447737,2.3919504003690815,4.56539522257011
2025-09-21,3.488280207740485,2.3682515530531663,4.648160387425146
2025-09-22,3.5078902881551115,2.416166707948567,4.596565824321434
2025-09-23,3.508858726336038,2.4476173594650046,4.6266864319688885
2025-09-24,3.530973464486526,2.373450810327341,4.586214530097078
2025-09-25,3.522375113831308,2.420872201908022,4.62568359646452
2025-09-26,3.4795737890330245,2.2894877499067974,4.556283498018814
2025-09-27,3.4791629962783,2.4114432491511466,4.596219984704404
2025-09-28,3.4792269132650167,2.393462225698966,4.612026598953904
2025-09-29,3.5025092362429144,2.4219162759628166,4.63262820579025
2025-09-30,3.5067937163350433,2.4243463576080484,4.642368163573932
2025-10-01,3.5318250957701314,2.446505800415478,4.663889604082618
2025-10-02,3.5253564486137656,2.4812653623366216,4.606787226334843
2025-10-03,3.4837238405638318,2.3855179016477788,4.66011034245782
2025-10-04,3.483689560275852,2.322316873778997,4.650574222660604
2025-10-05,3.48307221413493,2.2404524812962188,4.53471808344301
2025-10-06,3.5046399332097278,2.4377861776460272,4.637341062777893
2025-10-07,3.505983670010807,2.428138407358775,4.578560770081539
2025-10-08,3.5270167613268266,2.404471404012481,4.626616631236526
2025-10-09,3.515339344173425,2.314460765517623,4.6687677166178645
2025-10-10,3.467364185558187,2.4205851440478034,4.575976353692887
2025-10-11,3.4602821587503927,2.3214009011586483,4.546625705081063
2025-10-12,3.45190780820257,2.4150914029956394,4.497794539462205
2025-10-13,3.4652895276109583,2.3990281741912574,4.5950985943767195
2025-10-14,3.4580683863117425,2.3651403333899452,4.556441593627921
2025-10-15,3.470549442593102,2.33510981762507,4.445206030276997
2025-10-16,3.450376899171494,2.267883339013016,4.560859391624038
2025-10-17,3.3942054775544337,2.316689852691591,4.531501525751424
2025-10-18,3.379783373628297,2.2997950880895686,4.453933139171783
2025-10-19,3.365009511917172,2.2771419745839743,4.474177993336008
2025-10-20,3.373257996197117,2.156398300259216,4.423687231063967
2025-10-21,3.3622209166420878,2.190033484605785,4.446157941197841
2025-10-22,3.372551050146759,2.26130012331339,4.432737292821648
2025-10-23,3.3518485807006684,2.192106221526559,4.417656595486048
2025-10-24,3.296880003816087,2.1674576962266037,4.270442877971502
2025-10-25,3.285781647191628,2.2110685907689205,4.395692739116018
2025-10-26,3.27633271141104,2.1076903215442817,4.326701736646704
2025-10-27,3.2919989861901153,2.219151055731448,4.383674030546076
2025-10-28,3.2902653889594426,2.1463537069763063,4.428223420686415
2025-10-29,3.3118564031331745,2.1026425690693333,4.410428836948856
2025-10-30,3.304041142729884,2.2384436554625142,4.4117755085156105
2025-10-31,3.263406813155371,2.190789562544811,4.324628617375273
2025-11-01,3.268189884137432,2.0784091493856987,4.419471367151838
2025-11-02,3.275771879485496,2.148029611976676,4.279148931157731
2025-11-03,3.309449017161657,2.2516704824544207,4.376906551162367
2025-11-04,3.3262606636469494,2.2828868445618182,4.460082001202194
2025-11-05,3.36679306618954,2.313560772355085,4.434506628155565
2025-11-06,3.3778075538572927,2.240484177085978,4.47292503861336
2025-11-07,3.3555724698612495,2.2914110139211,4.473158799501551
2025-11-08,3.378324946925921,2.2946502883593793,4.410243474485419
2025-11-09,3.4029913703967547,2.276665621585444,4.451081857024839
2025-11-10,3.4526838080728033,2.2906336505292297,4.497627300129604
2025-11-11,3.4840241842994515,2.439451296962446,4.5784683509871735
2025-11-12,3.537530072919591,2.4167347643153527,4.671376025318174
2025-11-13,3.559563816303849,2.356134718732223,4.684828677904296
2025-11-14,3.546219802939452,2.3388435600633364,4.66572917720274
2025-11-15,3.5759129112484294,2.5074400017229683,4.605053841512902
2025-11-16,3.6053190239582356,2.396666171514522,4.721270851597842
2025-11-17,3.6575930729934076,2.5682005984103116,4.761271890050417
2025-11-18,3.6891833532026803,2.62129925650543,4.829136251234019
2025-11-19,3.7407935452005474,2.568105416298156,4.885193268534939
2025-11-20,3.7586468284644545,2.722898552258454,4.845112272540959
2025-11-21,3.7389226433171396,2.5942836314959514,4.788248575752635
2025-11-22,3.7604661556329315,2.6585185760836096,4.88701943884457
2025-11-23,3.7799435285965406,2.708198577982163,4.7939295074779915
2025-11-24,3.8207767691658283,2.7764630659000664,4.972410942349286
2025-11-25,3.839443958146846,2.767726077267509,4.936858532030301
2025-11-26,3.8770139600465376,2.817978924368268,5.033746466921057
2025-11-27,3.8797227363033997,2.8618211745589073,5.087127771515485
2025-11-28,3.843957592128056,2.677720853054298,4.922342493922535
2025-11-29,3.8490864786462513,2.6913833657236093,4.931176567992285
2025-11-30,3.8518276525955177,2.784563100815787,4.968598175012947
2025-12-01,3.875901743779428,2.7768022662701486,5.048063674441509
2025-12-02,3.877819062974629,2.8421244904762526,4.991513426304565
2025-12-03,3.898988835848136,2.7469856575560647,5.018310198644442
2025-12-04,3.885610145290799,2.768096355123568,4.962135906863218
2025-12-05,3.8342065861734205,2.7569622521807085,4.956643928901076
2025-12-06,3.824578713413901,2.713584362259049,4.905335107379291
2025-12-07,3.8133916676362523,2.757926689449572,4.9440938712825755
2025-12-08,3.824548191772592,2.6562503436726526,4.945112474036838
2025-12-09,3.8144667759407707,2.751918609921295,4.9573572177456215
2025-12-10,3.8247690902992546,2.7059483625267626,4.922720561973507
2025-12-11,3.801489039207632,2.6812729344538706,4.86814518061865
2025-12-12,3.741161017109182,2.6271147722353363,4.804859423679253
2025-12-13,3.7238983221201827,2.6675492497246958,4.835314471280967
2025-12-14,3.7062011250822056,2.6326649460343603,4.778483414973021
2025-12-15,3.7120523193129804,2.650572272131038,4.821641194534245
2025-12-16,3.697687860193418,2.5937804933595143,4.805005544925563
2025-12-17,3.704863214598694,2.6620588364492974,4.8412265702741095
2025-12-18,3.679380809494096,2.6184111173072333,4.813897452111528
2025-12-19,3.6177316598277263,2.4603440750115646,4.726092307600564
2025-12-20,3.6002990470886806,2.535897771803409,4.693460708779889
2025-12-21,3.5833857152511555,2.48759146863846,4.607737693523819
2025-12-22,3.5910310896723616,2.5133805240179483,4.68094615321611
2025-12-23,3.579272078665509,2.4521149744078246,4.760265815492691
2025-12-24,3.5899866242498364,2.463619346164732,4.684049129035833
2025-12-25,3.5687375378628783,2.4598813478111468,4.665544094948285
2025-12-26,3.5119654924266617,2.378712478888811,4.629730155393131
2025-12-27,3.5003160469258905,2.409927678828248,4.616633422450493
2025-12-28,3.4898843233545676,2.4977619124846977,4.545624411149399
2025-12-29,3.5047520979839737,2.3106429237133823,4.600014735668597
2025-12-30,3.5007378826201108,2.4522492506981357,4.669202401873839
2025-12-31,3.5198167613105324,2.3949741164901326,4.60687103253414
2026-01-01,3.5072802025836385,2.324264903350465,4.62136351095431
2026-01-02,3.4594804318308507,2.337705450590027,4.613265018650091
2026-01-03,3.4572812501738373,2.344589677593791,4.5394880010689205
2026-01-04,3.4565210615005224,2.3542258507805083,4.54658223734246
2026-01-05,3.481271098443745,2.3854693150645376,4.556144033346001
2026-01-06,3.4870763960533373,2.3933381846340334,4.595632376092922
2026-01-07,3.5159538209246026,2.435647226424948,4.631114625071208
2026-01-08,3.5128699916695956,2.4661872420438096,4.582039871440645
2026-01-09,3.474039310570255,2.366345540741192,4.546478228095751
2026-01-10,3.4805009181281217,2.3479018276475756,4.540411993404797
2026-01-11,3.487802385302525,2.3335281962247065,4.5424457543053425
2026-01-12,3.5199812734256026,2.4608932367547376,4.540797595106056
2026-01-13,3.532298996235298,2.4359622049927108,4.5966899295622445
2026-01-14,3.5668187519215433,2.395885096423961,4.675448282458137
2026-01-15,3.5682029027822146,2.5380953707345415,4.639584438412583
2026-01-16,3.532565594156722,2.4455143513796624,4.7102698565363985
2026-01-17,3.5411762992817253,2.5360502274776255,4.574736089624848
2026-01-18,3.549364122336257,2.5399169393511447,4.603169266307781
2026-01-19,3.5812221094527756,2.4704871632213785,4.725196823487946
2026-01-20,3.59183288545951,2.4140056328158184,4.7303157908391595
2026-01-21,3.6234248593983955,2.6029448667212174,4.6751313190361214
2026-01-22,3.6204869502834045,2.5752403650345466,4.681941803101268
2026-01-23,3.5791732450896387,2.503776706104054,4.746409755570343
2026-01-24,3.581130214051709,2.441481429951001,4.6613722475329675
2026-01-25,3.581618409698018,2.4759508782497,4.691134759378929
2026-01-26,3.604936106791101,2.477456742203383,4.729481995672001
2026-01-27,3.6061331801585235,2.578250326034401,4.824346758015521
2026-01-28,3.627742039879499,2.4921332981081634,4.732460140581742
2026-01-29,3.6142062526922203,2.5418344702382627,4.763543596408834
2026-01-30,3.561833984516353,2.4754107963731897,4.6935708734915496
2026-01-31,3.552745926032804,2.4143351042473413,4.684442381252734
2026-02-01,3.542211813065083,2.4542077144717607,4.647290801455074
2026-02-02,3.5547912873167937,2.4812519224365075,4.650385748567606
2026-02-03,3.5455344418752444,2.3792408777057648,4.754958884275273
2026-02-04,3.5572865005480963,2.4018080631630006,4.681311260185251
2026-02-05,3.534429973666236,2.408829911192517,4.606418041508049
2026-02-06,3.4733871664283655,2.421484925111248,4.587475922534599
2026-02-07,3.4566897380268657,2.4429233910153214,4.598479223980356
2026-02-08,3.4395315890714175,2.384363293707306,4.560126926822746
2026-02-09,3.4466290731280753,2.2913656514748415,4.566991585459387
2026-02-10,3.432910868518279,2.287575193341431,4.515966841461137
2026-02-11,3.441399517328229,2.327564637001914,4.560807967479889
2026-02-12,3.4162706023285794,2.361400451764798,4.571952622554435
2026-02-13,3.3539080818564417,2.2673346609098997,4.530216395324506
2026-02-14,3.337099411347361,2.252737035476462,4.392588003773864
2026-02-15,3.3208087834456483,2.1898053463403726,4.453921352982614
2026-02-16,3.3297606192084905,2.2175067508574395,4.391042100112156
2026-02-17,3.318622525939818,2.253029958998107,4.34528025232021
2026-02-18,3.330467178730113,2.184985970060421,4.48546037910963
2026-02-19,3.309151624573383,2.194114969500699,4.477688058591523
2026-02-20,3.2509280840913743,2.0953495508748934,4.4399470581730585
2026-02-21,3.2387667346273785,2.0890638846988265,4.380667054683425
2026-02-22,3.227350801607319,2.1162446482572776,4.2651362627283245
2026-02-23,3.241384185740783,2.147100578412949,4.327061641714604
2026-02-24,3.2352676984334052,2.119505188540188,4.327411185622284
2026-02-25,3.2521408099033486,2.089389706365484,4.482040641296931
2026-02-26,3.2355799542982244,2.103076664862615,4.337195373311963
2026-02-27,3.1817630585842647,2.0802839593598748,4.219544297432442
2026-02-28,3.173917689228911,2.101918544314715,4.2893565638052715
2026-03-01,3.1665352105423863,2.018606809241986,4.271916596730314
2026-03-02,3.1843993639483568,2.0574150005007414,4.281759914339095
2026-03-03,3.1817522960833498,2.097676973106008,4.33820104344031
2026-03-04,3.2019124953968583,2.1080501054176954,4.324974944170925
2026-03-05,3.1882883405406033,2.1179108322338394,4.314416691325782
2026-03-06,3.1370926349710975,1.9760048877463854,4.31745241438337
2026-03-07,3.131912546785264,2.034257767994574,4.21279246349158
2026-03-08,3.127139524653372,2.024885380302651,4.247929387643745
2026-03-09,3.1477158827831566,1.9856209537532274,4.15050665702319
2026-03-10,3.1477881290941236,2.0801530732069846,4.19835792417554
2026-03-11,3.1708991281787062,2.0684158577886658,4.28708012843889
2026-03-12,3.160315521652675,2.0710541731215297,4.253428748688183
2026-03-13,3.1122915299919787,1.9880999634129697,4.259158093549768
2026-03-14,3.1107606022563217,2.00187230826927,4.281275152932991
2026-03-15,3.1099816635700535,1.9930318381911416,4.153111703729154
2026-03-16,3.135004918482585,2.043952072988884,4.26326359173642
2026-03-17,3.1398142922077534,2.046941516318441,4.2210559501698075
2026-03-18,3.16809617592895,2.0303370461761903,4.239755178756738
2026-03-19,3.162883543654951,2.0582048635634966,4.31260129697242
2026-03-20,3.1203722250909367,1.9789863286694194,4.168346005194424
2026-03-21,3.1247377468233015,2.0066708869547263,4.210705614839548
2026-03-22,3.13000156016003,2.070142692786666,4.302169786254964
2026-03-23,3.1612197627130687,2.023705571065531,4.213027141672061
2026-03-24,3.172118285239557,2.1444749160926517,4.357489620551444
2026-03-25,3.206441667798293,2.171843026766827,4.318392910178414
2026-03-26,3.2069170260550544,2.052548910417482,4.283124626315328
2026-03-27,3.1696255497162054,2.0872976277794133,4.350583964040869
2026-03-28,3.178946800369262,2.121337390063065,4.247357564920145
2026-03-29,3.1886466194219203,2.088861236008243,4.284229594173257
2026-03-30,3.2237898433274217,2.107988780411448,4.254240050118958
2026-03-31,3.2378686474399836,2.1206777879699756,4.2835148518132335
2026-04-01,3.274731081248508,2.1087242982006305,4.295606278469419
2026-04-02,3.2768639312289025,2.1587512346195226,4.340874327628443
2026-04-03,3.240317834166707,2.113523065744198,4.330710459054804
2026-04-04,3.2497768072695243,2.1415371028191363,4.423561508138144
2026-04-05,3.2588650616603854,2.124989301792717,4.417687028172164
2026-04-06,3.2927804677175656,2.1790805488040736,4.367437026017768
2026-04-07,3.3049124398636875,2.1548630193131513,4.3988412772974295
2026-04-08,3.3393463510370167,2.2100924771764054,4.329804616220746
2026-04-09,3.338461266382946,2.2332844603468853,4.474428941264634
2026-04-10,3.2984046232860424,2.276336520673007,4.379321610168738
2026-04-11,3.3042830482540118,2.183395307812209,4.4106212495974235
2026-04-12,3.3096843561776095,2.281416135646059,4.421441398758279
2026-04-13,3.3400283888419766,2.306374605379266,4.3988877365178976
2026-04-14,3.3486715141001504,2.271505769403106,4.50678061628006
2026-04-15,3.3799845380361413,2.188521849507374,4.486920830846558
2026-04-16,3.376263551586321,2.2182502318724144,4.505080208992452
2026-04-17,3.3337531031471306,2.151455025317646,4.560392526846643
2026-04-18,3.337957951508093,2.2094049995661034,4.403295666090481
2026-04-19,3.342380641332134,2.22892018578088,4.461644463994098
2026-04-20,3.3725908416507413,2.1437737430655064,4.499129582026359
2026-04-21,3.381818295153544,2.1812873025087147,4.467672616305785
2026-04-22,3.414606723311595,2.327310197571536,4.594795236520454
2026-04-23,3.413040870744581,2.3119576029172535,4.42460548708456
2026-04-24,3.373321756160138,2.2579350850523716,4.43599195641864
2026-04-25,3.381203343372588,2.2680216541155067,4.478500575313123
2026-04-26,3.3899499537081517,2.1937474348423884,4.383301268067748
2026-04-27,3.4251285167621113,2.3143881549660343,4.496592859672959
2026-04-28,3.4396944009435,2.288357120369176,4.5172839007311065
2026-04-29,3.478225627210734,2.3019831311805654,4.487214753443146
2026-04-30,3.4824701794996153,2.3254756900676523,4.600846325756393
2026-05-01,3.448477029662735,2.3227891647099956,4.501747187110897
2026-05-02,3.4621609347417857,2.3309386347653462,4.536975322070268
2026-05-03,3.476482306138792,2.28886774302519,4.529455961832677
2026-05-04,3.516964320602766,2.438196765496892,4.735628645187484
2026-05-05,3.536272844514142,2.452315761749235,4.709461483220137
2026-05-06,3.579031391712743,2.492874205811849,4.672587282849475
2026-05-07,3.586688340465849,2.460222465771798,4.749618776715997
2026-05-08,3.5552025841875334,2.4374156618774228,4.688689377178912
2026-05-09,3.5707345486269313,2.4508721938449805,4.68162210980642
2026-05-10,3.5860459075259827,2.460778795080949,4.6072100246989205
2026-05-11,3.626738315886473,2.525225318921822,4.682394709428788
2026-05-12,3.6453236586265425,2.5156658379585926,4.738355327542503
2026-05-13,3.686615565153569,2.532279665727344,4.722848799607358
2026-05-14,3.69191205485163,2.5880178902104323,4.752302431996909
2026-05-15,3.6572311822617154,2.5237101368710504,4.742820370126949
2026-05-16,3.6691236329033425,2.6776695510580835,4.72422193387077
2026-05-17,3.680287779095768,2.612664901906454,4.739177444760625
2026-05-18,3.716525806218616,2.6632484982065066,4.838018356383007
2026-05-19,3.7303004683179557,2.6026595019573935,4.795068670312625
2026-05-20,3.7666998772126288,2.6707874293674627,4.7967788581922015
2026-05-21,3.7669329374492646,2.605212197788578,4.834689440236234
2026-05-22,3.727113079108017,2.7106903278229026,4.810874211989487
2026-05-23,3.734191324856797,2.635618025393773,4.8140654665420595
2026-05-24,3.740786421007707,2.5806522053771555,4.890660643952798
2026-05-25,3.772858951599223,2.6509529120764053,4.876703524074456
2026-05-26,3.7827560461846876,2.5649063817406645,4.805260040373389
2026-05-27,3.8157517031180057,2.7164968135357674,4.962290643966835
2026-05-28,3.812858026146457,2.7232150448986916,4.991962412918194
2026-05-29,3.7701607233411276,2.6801508819408335,4.817100651617486
2026-05-30,3.774876882013566,2.6404452270890926,4.801170601105274
2026-05-31,3.7794048426212647,2.6598943789001943,4.908166415647829
2026-06-01,3.809721256776813,2.7441473728409456,4.8519956141543314
2026-06-02,3.817918838165891,2.6120956300425577,4.927350621185763
2026-06-03,3.849327285503365,2.8252382955652906,5.0230253723494975
2026-06-04,3.8446451986907886,2.7651879355908546,4.902221883489241
2026-06-05,3.799831875210084,2.731539274205779,4.96144183033036
2026-06-06,3.802293826643465,2.630138970007744,4.900474423917535
2026-06-07,3.804157793276049,2.746658884642035,4.9657840083340234
2026-06-08,3.831393386836626,2.754473064330524,4.908796623017405
2026-06-09,3.8358456682430955,2.7489161723049085,4.929164815220756
2026-06-10,3.8629375212371597,2.7724951551095707,4.950647543060412
2026-06-11,3.853122118003491,2.7526720188463867,4.972536519787188
2026-06-12,3.802329882496173,2.7234404345762275,4.814898751182395
2026-06-13,3.798281628443306,2.7431452749281213,4.926079745477854
2026-06-14,3.792981646168872,2.7261064878099353,4.834823278150592
2026-06-15,3.812561984101969,2.7027932554724035,4.90020977103967
2026-06-16,3.808805128858707,2.6787043068080076,4.910327806118239
2026-06-17,3.827422451094278,2.702315866146437,4.910066471535108
2026-06-18,3.8088213350758227,2.729610742327862,4.834665181497474
2026-06-19,3.749101081702086,2.6587758175693046,4.885403182946841
2026-06-20,3.7364862781736825,2.5987304278385794,4.8324308067173565
2026-06-21,3.7230335925605833,2.626108985668715,4.843015739502403
2026-06-22,3.735191546294468,2.679729428027201,4.815723901485524
2026-06-23,3.7248075546521475,2.547908929989819,4.796940937150478
2026-06-24,3.737977290165124,2.665102758267832,4.852667831457423
2026-06-25,3.715122076977318,2.617615941956402,4.832183172888203
2026-06-26,3.6525302397479527,2.6038292284132587,4.770158094832778
2026-06-27,3.6389082433585664,2.4712735347107344,4.742018675229868
2026-06-28,3.62629986545279,2.600673045188339,4.828312740875739
2026-06-29,3.6413613311485356,2.550349155028904,4.778532433214244
2026-06-30,3.6358538222569257,2.543707421893082,4.804446376419134
2026-07-01,3.6560661050626857,2.5852211537987797,4.811986683268432
2026-07-02,3.642205740784701,2.5380299958337766,4.768203635081226
2026-07-03,3.5904905671948786,2.4145358172292357,4.708420901894714
2026-07-04,3.5898233280592993,2.4933763421744004,4.77560557413358
2026-07-05,3.5919298422396295,2.318525026730287,4.724423960940647
2026-07-06,3.6233568560685097,2.5445692017027817,4.665523610847548
2026-07-07,3.635457927612478,2.569987883286776,4.765670548782465
2026-07-08,3.674397570901397,2.563871230779096,4.838616469468677
2026-07-09,3.6798646615957162,2.6414245055217886,4.873110716362169
2026-07-10,3.6477223309748124,2.5947401480956587,4.734087932365296
2026-07-11,3.6668140373292926,2.5850833328111316,4.795927710025057
2026-07-12,3.6883281332455846,2.6624886582737517,4.785315585231088
2026-07-13,3.7385250746415286,2.594070463705762,4.934224448133829
2026-07-14,3.768222361599845,2.631391182839137,4.92709203966586
2026-07-15,3.823384751103009,2.7450810600604556,4.942548985697952
2026-07-16,3.8431631364278305,2.6796751814056092,4.915000987983569
2026-07-17,3.823104746739484,2.668771606225971,4.908416556477434
2026-07-18,3.8520910924622367,2.724132561688073,4.967872217199257
2026-07-19,3.8809278640615608,2.691531555049872,5.06283031714261
2026-07-20,3.9357989347687137,2.8973609713074033,4.97377071963816
2026-07-21,3.9672463415429866,2.8251804718101683,5.140610430788134
2026-07-22,4.021341178929016,2.91106655958043,5.105037677599517
2026-07-23,4.037041314326035,2.8391314190733428,5.192870284854753
2026-07-24,4.00995416042867,2.88239456452802,5.160044929418476
2026-07-25,4.029397853745319,2.948256536244268,5.232042150674958
2026-07-26,4.046207149328295,2.945499524093383,5.090651923380741
2026-07-27,4.0869044212894075,3.011095066747278,5.297199113513445
2026-07-28,4.102164676896633,2.989811580065724,5.133121596608297
2026-07-29,4.138557170986936,3.0734719382645013,5.3022526521676605
2026-07-30,4.135212301892312,2.974908220585198,5.293237193813613
2026-07-31,4.088127860187135,2.891376935615785,5.2222689900923225
2026-08-01,4.087345143359549,2.9317524766353267,5.217211837976014
2026-08-02,4.08396357083993,2.895424362103326,5.221748442230251
2026-08-03,4.105022624620591,2.9601040405388495,5.258434106420355
2026-08-04,4.101447222717858,3.0116119583394587,5.283689796035578
2026-08-05,4.120356894907278,3.016871686549577,5.219462745266314
2026-08-06,4.1010403061362215,2.9698493703386757,5.244467185503806
2026-08-07,4.039805084218134,2.914648079658873,5.182724122857432
2026-08-08,4.02727063547415,2.891058234805096,5.1718211747658485
2026-08-09,4.014594869647159,2.9837636500173974,5.110090664552943
2026-08-10,4.029072014567569,2.980728871088843,5.179654100902813
2026-08-11,4.021564705808226,2.822445972310386,5.112621518517265
2026-08-12,4.039388344004666,2.9361452955083993,5.229918304546188
2026-08-13,4.021601936143258,2.8781315726366388,5.20035465110255
2026-08-14,3.964411040594422,2.785337651985594,5.164888612616234
2026-08-15,3.958587425050285,2.8702898770742378,5.202104954351227
2026-08-16,3.9549183840522693,2.851193770523535,5.133462616188832
2026-08-17,3.9805309808149927,2.875842414160939,5.162825611361076
2026-08-18,3.9858212032939595,2.8824278734296693,5.125654397695687
2026-08-19,4.0179233822173535,2.9282506449278998,5.241167181371758
2026-08-20,4.015326502339773,2.852873269460436,5.140267300637934
2026-08-21,3.9738384530763478,2.7696999136445744,5.079738507497909
2026-08-22,3.984139541896913,2.9257307206127576,5.125306930844091
2026-08-23,3.9964600624447018,2.842599215400527,5.1640622860087095
2026-08-24,4.037635122296355,2.928867084495156,5.121001858334641
2026-08-25,4.057533420919724,2.95448098212788,5.255431070769809
2026-08-26,4.103112619201764,2.920845991301662,5.312245358204136
2026-08-27,4.112360329716032,2.9476483778781644,5.309315102158079
2026-08-28,4.0808172279934425,2.881466439472238,5.274517592097986
2026-08-29,4.09926039408595,2.9747360479182063,5.214231493441627
2026-08-30,4.117603635367016,2.9902554589623813,5.438345702240992
